flag,Bin,Actual_Count,Expected_Count,SOVEREIGNT
CHN,62.5,246,721.4286597191292,China
CHN,87.5,246,662.7016812699412,China
CHN,112.5,243,608.7552974801262,China
CHN,137.5,224,559.2003501484495,China
CHN,162.5,163,513.6793599999123,China
CHN,187.5,129,471.8639479032382,China
CHN,212.5,3123,433.45246601083426,China
CHN,237.5,646,398.16782173280495,China
CHN,262.5,479,365.7554788475544,China
CHN,287.5,389,335.98162132945237,China
CHN,312.5,300,308.6314666477425,China
CHN,337.5,314,283.5077163692056,China
CHN,362.5,278,260.4291328875407,China
CHN,387.5,247,239.22923201226723,China
CHN,412.5,208,219.75508198574886,China
CHN,437.5,131,201.8662002647194,China
CHN,462.5,123,185.4335401078854,China
CHN,487.5,97,170.33855965907193,China
CHN,512.5,111,156.4723668104862,China
CHN,537.5,113,143.73493367724785,China
CHN,562.5,126,132.03437501668046,China
CHN,587.5,128,121.28628538689493,China
CHN,612.5,88,111.41313026318343,China
CHN,637.5,72,102.34368671977225,China
CHN,662.5,70,94.01252964217075,China
CHN,687.5,52,86.35955976376566,China
CHN,712.5,56,79.32957012195818,China
CHN,737.5,56,72.8718478064223,China
CHN,762.5,59,66.93980812650945,China
CHN,787.5,49,61.490658558805094,China
CHN,812.5,27,56.4850900505962,China
CHN,837.5,11,51.88699345239097,China
CHN,862.5,12,47.663199033885974,China
CHN,887.5,8,43.78323720429642,China
CHN,912.5,8,40.21911871095323,China
CHN,937.5,9,36.945132730547115,China
CHN,962.5,7,33.93766139649579,China
CHN,987.5,5,31.175009424469803,China
CHN,1012.5,8,28.637247607056338,China
CHN,1037.5,6,26.30606904850146,China
CHN,1062.5,9,24.164657102522646,China
CHN,1087.5,5,22.197564060440623,China
CHN,1112.5,0,20.39059971457004,China
CHN,1137.5,0,18.730728992952486,China
CHN,1162.5,1,17.20597792701267,China
CHN,1187.5,2,15.805347273787655,China
TWN,62.5,221,541.3422608916417,Taiwan
TWN,87.5,226,501.0380239758428,Taiwan
TWN,112.5,224,463.73453470292986,Taiwan
TWN,137.5,161,429.20838017377804,Taiwan
TWN,162.5,121,397.2527811184273,Taiwan
TWN,187.5,102,367.6763534822671,Taiwan
TWN,212.5,997,340.30196221512637,Taiwan
TWN,237.5,761,314.96566039852974,Taiwan
TWN,262.5,569,291.515707357481,Taiwan
TWN,287.5,400,269.8116598762062,Taiwan
TWN,312.5,347,249.72353107506092,Taiwan
TWN,337.5,337,231.13101191108154,Taiwan
TWN,362.5,264,213.92275063972002,Taiwan
TWN,387.5,282,197.99568592236201,Taiwan
TWN,412.5,340,183.25442958560805,Taiwan
TWN,437.5,225,169.61069533563034,Taiwan
TWN,462.5,242,156.982770006097,Taiwan
TWN,487.5,211,145.29502417298352,Taiwan
TWN,512.5,230,134.47745920528726,Taiwan
TWN,537.5,177,124.465288038904,Taiwan
TWN,562.5,123,115.19854716289939,Taiwan
TWN,587.5,118,106.62173749435048,Taiwan
TWN,612.5,90,98.68349199090811,Taiwan
TWN,637.5,53,91.33626801041059,Taiwan
TWN,662.5,42,84.5360625750669,Taiwan
TWN,687.5,32,78.24214883490833,Taiwan
TWN,712.5,25,72.41683215217034,Taiwan
TWN,737.5,26,67.02522434577953,Taiwan
TWN,762.5,38,62.03503474388559,Taiwan
TWN,787.5,13,57.416376793037635,Taiwan
TWN,812.5,16,53.141589065765004,Taiwan
TWN,837.5,12,49.185069594589336,Taiwan
TWN,862.5,10,45.523122540250895,Taiwan
TWN,887.5,6,42.133816275880285,Taiwan
TWN,912.5,2,38.99685203711312,Taiwan
TWN,937.5,4,36.09344235155709,Taiwan
TWN,962.5,1,33.40619851944165,Taiwan
TWN,987.5,4,30.919026471639736,Taiwan
TWN,1012.5,2,28.61703038128071,Taiwan
TWN,1037.5,3,26.486423451731543,Taiwan
TWN,1062.5,1,24.514445346617805,Taiwan
TWN,1087.5,3,22.68928576738516,Taiwan
TWN,1112.5,2,21.000013720690774,Taiwan
TWN,1137.5,1,19.436512052005725,Taiwan
TWN,1162.5,0,17.989416853359295,Taiwan
TWN,1187.5,0,16.65006138231145,Taiwan
ESP,62.5,193,199.22636771338057,Spain
ESP,87.5,128,181.7762320792508,Spain
ESP,112.5,101,165.85454489872905,Spain
ESP,137.5,73,151.32743015363877,Spain
ESP,162.5,73,138.07273795775282,Spain
ESP,187.5,67,125.97901747089011,Spain
ESP,212.5,733,114.94457977495179,Spain
ESP,237.5,98,104.8766428321535,Spain
ESP,262.5,68,95.6905513359409,Spain
ESP,287.5,56,87.30906489475221,Spain
ESP,312.5,54,79.66170856341407,Spain
ESP,337.5,44,72.68418026114647,Spain
ESP,362.5,67,66.31781009353186,Spain
ESP,387.5,45,60.509067032194714,Spain
ESP,412.5,59,55.209108804147604,Spain
ESP,437.5,46,50.373371206110974,Spain
ESP,462.5,36,45.961193390573655,Spain
ESP,487.5,48,41.935475972858264,Spain
ESP,512.5,28,38.26236908441173,Spain
ESP,537.5,24,34.91098774935327,Spain
ESP,562.5,27,31.853152191039342,Spain
ESP,587.5,23,29.063150885048266,Spain
ESP,612.5,15,26.51752436622867,Spain
ESP,637.5,15,24.194867971981832,Spain
ESP,662.5,13,22.07565186315642,Spain
ESP,687.5,10,20.142056809222243,Spain
ESP,712.5,12,18.377824356934642,Spain
ESP,737.5,9,16.768120122653443,Spain
ESP,762.5,7,15.299409058811445,Spain
ESP,787.5,6,13.95934164573477,Spain
ESP,812.5,8,12.73665005186072,Spain
ESP,837.5,3,11.621053389228447,Spain
ESP,862.5,7,10.60317126759443,Spain
ESP,887.5,9,9.674444920298932,Spain
ESP,912.5,5,8.827065238674596,Spain
ESP,937.5,1,8.053907109887833,Spain
ESP,962.5,4,7.3484695060946335,Spain
ESP,987.5,6,6.704820821151931,Spain
ESP,1012.5,6,6.117548995265889,Spain
ESP,1037.5,5,5.581716008191811,Spain
ESP,1062.5,3,5.092816358350813,Spain
ESP,1087.5,5,4.646739178743696,Spain
ESP,1112.5,1,4.2397336711084765,Spain
ESP,1137.5,0,3.8683775676843792,Spain
ESP,1162.5,0,3.5295483553922673,Spain
ESP,1187.5,0,3.2203970204773964,Spain
USA,62.5,453,204.88950348230088,United States of America
USA,87.5,380,183.72126036054954,United States of America
USA,112.5,215,164.7400229625943,United States of America
USA,137.5,87,147.7198398947177,United States of America
USA,162.5,71,132.45810402415552,United States of America
USA,187.5,58,118.77314065719685,United States of America
USA,212.5,57,106.50204489565803,United States of America
USA,237.5,62,95.49874242775132,United States of America
USA,262.5,63,85.6322506691495,United States of America
USA,287.5,40,76.78511955496852,United States of America
USA,312.5,38,68.85203342197039,United States of America
USA,337.5,37,61.738557337876664,United States of America
USA,362.5,32,55.360012954185315,United States of America
USA,387.5,36,49.640470500714535,United States of America
USA,412.5,29,44.511844922645395,United States of America
USA,437.5,20,39.9130854005322,United States of America
USA,462.5,13,35.7894486053918,United States of America
USA,487.5,16,32.091847037736045,United States of America
USA,512.5,20,28.77626469322839,United States of America
USA,537.5,14,25.803233099080728,United States of America
USA,562.5,17,23.137361483965147,United States of America
USA,587.5,20,20.74691548861552,United States of America
USA,612.5,14,18.60343940211417,United States of America
USA,637.5,13,16.681417426992894,United States of America
USA,662.5,23,14.957969940867661,United States of America
USA,687.5,7,13.412581138929701,United States of America
USA,712.5,11,12.02685481516255,United States of America
USA,737.5,11,10.784295375120545,United States of America
USA,762.5,7,9.670111473469486,United States of America
USA,787.5,9,8.671039938784475,United States of America
USA,812.5,16,7.775187889641223,United States of America
USA,837.5,11,6.971891162537585,United States of America
USA,862.5,4,6.251587366400374,United States of America
USA,887.5,13,5.605702052513234,United States of America
USA,912.5,10,5.026546644847367,United States of America
USA,937.5,5,4.507226915761873,United States of America
USA,962.5,14,4.041560917571665,United States of America
USA,987.5,10,3.624005393055011,United States of America
USA,1012.5,5,3.249589788883617,United States of America
USA,1037.5,5,2.913857086485686,United States of America
USA,1062.5,2,2.6128107459925833,United States of America
USA,1087.5,2,2.3428671316921585,United States of America
USA,1112.5,0,2.100812852664774,United States of America
USA,1137.5,0,1.883766510794486,United States of America
USA,1162.5,0,1.6891444007917555,United States of America
USA,1187.5,0,1.5146297539408202,United States of America
KOR,62.5,114,160.75630250781964,South Korea
KOR,87.5,105,143.06617663686907,South Korea
KOR,112.5,80,127.32272749615036,South Korea
KOR,137.5,82,113.31173669515177,South Korea
KOR,162.5,70,100.84255910445836,South Korea
KOR,187.5,62,89.74552878043826,South Korea
KOR,212.5,566,79.86965035008095,South Korea
KOR,237.5,130,71.08054444306347,South Korea
KOR,262.5,46,63.258619214892256,South Korea
KOR,287.5,32,56.29744308134951,South Korea
KOR,312.5,22,50.10229652233181,South Korea
KOR,337.5,20,44.58888324971308,South Korea
KOR,362.5,16,39.68218320232825,South Korea
KOR,387.5,16,35.31543176097055,South Korea
KOR,412.5,10,31.429211293763146,South Korea
KOR,437.5,3,27.970642670711257,South Korea
KOR,462.5,10,24.892665746526824,South Korea
KOR,487.5,2,22.153399021366077,South Korea
KOR,512.5,9,19.715569766501947,South Korea
KOR,537.5,5,17.5460068607492,South Korea
KOR,562.5,7,15.615189436753527,South Korea
KOR,587.5,7,13.896845195653091,South Korea
KOR,612.5,5,12.367592924450506,South Korea
KOR,637.5,3,11.00662435188978,South Korea
KOR,662.5,7,9.795421013907387,South Korea
KOR,687.5,4,8.717502276092592,South Korea
KOR,712.5,1,7.758201084546233,South Korea
KOR,737.5,2,6.904464393811413,South Korea
KOR,762.5,2,6.144675556343606,South Korea
KOR,787.5,5,5.4684962567945306,South Korea
KOR,812.5,0,4.8667258403417515,South Korea
KOR,837.5,3,4.3311761209716835,South Korea
KOR,862.5,2,3.85455996624562,South Korea
KOR,887.5,2,3.4303921425505384,South Korea
KOR,912.5,0,3.0529010716453,South Korea
KOR,937.5,0,2.716950297794153,South Korea
KOR,962.5,1,2.417968596900814,South Korea
KOR,987.5,0,2.1518877766537075,South Korea
KOR,1012.5,0,1.9150873213353263,South Korea
KOR,1037.5,1,1.7043451280912871,South Korea
KOR,1062.5,1,1.5167936643343765,South Korea
KOR,1087.5,1,1.3498809497240183,South Korea
KOR,1112.5,0,1.2013358318100738,South Korea
KOR,1137.5,0,1.0691370828561544,South Korea
KOR,1162.5,0,0.9514858973412423,South Korea
KOR,1187.5,0,0.8467814159253976,South Korea
FRA,62.5,122,99.08158106861904,France
FRA,87.5,86,87.90762884282873,France
FRA,112.5,75,77.9938221152995,France
FRA,137.5,87,69.19804763508019,France
FRA,162.5,53,61.39421901170696,France
FRA,187.5,32,54.47046928165944,France
FRA,212.5,67,48.32754730862254,France
FRA,237.5,54,42.877395030146204,France
FRA,262.5,41,38.041885155698495,France
FRA,287.5,52,33.751701221165,France
FRA,312.5,33,29.94534394550467,France
FRA,337.5,32,26.568249645806382,France
FRA,362.5,22,23.57200807332354,France
FRA,387.5,42,20.91366845826587,France
FRA,412.5,28,18.55512381557549,France
FRA,437.5,20,16.46256468578859,France
FRA,462.5,10,14.605994480418042,France
FRA,487.5,6,12.95879948439442,France
FRA,512.5,2,11.4973673515953,France
FRA,537.5,4,10.200748624648217,France
FRA,562.5,4,9.050356426928193,France
FRA,587.5,2,8.029700021870974,France
FRA,612.5,0,7.124148420209708,France
FRA,637.5,1,6.3207206464671515,France
FRA,662.5,0,5.607899658202107,France
FRA,687.5,0,4.975467250564379,France
FRA,712.5,0,4.414357579531939,France
FRA,737.5,0,3.916527204105379,France
FRA,762.5,0,3.474839784529643,France
FRA,787.5,0,3.082963783704491,France
FRA,812.5,0,2.735281705346123,France
FRA,837.5,0,2.4268095678412167,France
FRA,862.5,0,2.153125459456047,France
FRA,887.5,0,1.9103061507549666,France
FRA,912.5,0,1.6948708555674439,France
FRA,937.5,0,1.5037313343289351,France
FRA,962.5,0,1.3341476245315578,France
FRA,987.5,0,1.1836887636829154,France
FRA,1012.5,0,1.050197941746647,France
FRA,1037.5,0,0.9317615835241068,France
FRA,1062.5,0,0.8266819177795048,France
FRA,1087.5,0,0.7334526398898706,France
FRA,1112.5,0,0.650737319144991,France
FRA,1137.5,0,0.5773502411710114,France
FRA,1162.5,0,0.5122394108549967,France
FRA,1187.5,0,0.45447147211893024,France
JPN,62.5,21,37.717429125325594,Japan
JPN,87.5,18,35.77098892584703,Japan
JPN,112.5,14,33.92499643815607,Japan
JPN,137.5,15,32.17426797214675,Japan
JPN,162.5,14,30.513887346476647,Japan
JPN,187.5,18,28.939192083546732,Japan
JPN,212.5,24,27.445760316904394,Japan
JPN,237.5,28,26.02939837429768,Japan
JPN,262.5,23,24.6861290015196,Japan
JPN,287.5,25,23.412180193969423,Japan
JPN,312.5,26,22.20397460457051,Japan
JPN,337.5,20,21.058119498302982,Japan
JPN,362.5,19,19.971397225140507,Japan
JPN,387.5,23,18.94075618463901,Japan
JPN,412.5,35,17.96330225680621,Japan
JPN,437.5,31,17.036290675188297,Japan
JPN,462.5,22,16.157118319352325,Japan
JPN,487.5,21,15.323316405122767,Japan
JPN,512.5,27,14.532543552043142,Japan
JPN,537.5,19,13.782579208599145,Japan
JPN,562.5,14,13.071317416736965,Japan
JPN,587.5,21,12.396760898169878,Japan
JPN,612.5,17,11.757015445865957,Japan
JPN,637.5,12,11.150284604967867,Japan
JPN,662.5,12,10.574864628208118,Japan
JPN,687.5,10,10.029139691654317,Japan
JPN,712.5,11,9.511577357351058,Japan
JPN,737.5,18,9.020724270114322,Japan
JPN,762.5,10,8.55520207639804,Japan
JPN,787.5,9,8.113703553769847,Japan
JPN,812.5,4,7.694988940129692,Japan
JPN,837.5,12,7.297882452361342,Japan
JPN,862.5,11,6.92126898464205,Japan
JPN,887.5,15,6.564090977139352,Japan
JPN,912.5,7,6.22534544630032,Japan
JPN,937.5,4,5.904081168396962,Japan
JPN,962.5,5,5.599396008415225,Japan
JPN,987.5,4,5.310434386790162,Japan
JPN,1012.5,2,5.036384876872792,Japan
JPN,1037.5,2,4.776477926379964,Japan
JPN,1062.5,5,4.529983696432948,Japan
JPN,1087.5,7,4.296210012112685,Japan
JPN,1112.5,5,4.074500418778628,Japan
JPN,1137.5,7,3.8642323386942112,Japan
JPN,1162.5,0,3.664815322779205,Japan
JPN,1187.5,0,3.4756893925833494,Japan
VUT,62.5,11,40.43221733732287,Vanuatu
VUT,87.5,10,37.74698598544836,Vanuatu
VUT,112.5,8,35.2400893351544,Vanuatu
VUT,137.5,9,32.89968361522704,Vanuatu
VUT,162.5,8,30.714711636734737,Vanuatu
VUT,187.5,7,28.67485055361249,Vanuatu
VUT,212.5,72,26.77046309263098,Vanuatu
VUT,237.5,52,24.99255202233771,Vanuatu
VUT,262.5,51,23.332717645859173,Vanuatu
VUT,287.5,48,21.78311811674164,Vanuatu
VUT,312.5,35,20.336432390340335,Vanuatu
VUT,337.5,30,18.98582563572601,Vanuatu
VUT,362.5,23,17.72491694469535,Vanuatu
VUT,387.5,24,16.547749185326996,Vanuatu
VUT,412.5,30,15.448760857660481,Vanuatu
VUT,437.5,27,14.422759818526083,Vanuatu
VUT,462.5,17,13.46489875139358,Vanuatu
VUT,487.5,16,12.570652265344748,Vanuatu
VUT,512.5,8,11.735795514976731,Vanuatu
VUT,537.5,14,10.956384240222917,Vanuatu
VUT,562.5,6,10.228736131795486,Vanuatu
VUT,587.5,6,9.549413434205114,Vanuatu
VUT,612.5,6,8.915206704170823,Vanuatu
VUT,637.5,7,8.323119647684296,Vanuatu
VUT,662.5,3,7.770354964092796,Vanuatu
VUT,687.5,3,7.254301130322163,Vanuatu
VUT,712.5,9,6.772520062799552,Vanuatu
VUT,737.5,13,6.322735598789002,Vanuatu
VUT,762.5,5,5.9028227427158875,Vanuatu
VUT,787.5,5,5.510797626678865,Vanuatu
VUT,812.5,4,5.144808137714252,Vanuatu
VUT,837.5,3,4.803125167534516,Vanuatu
VUT,862.5,3,4.484134443398842,Vanuatu
VUT,887.5,1,4.186328901521755,Vanuatu
VUT,912.5,2,3.908301566987041,Vanuatu
VUT,937.5,3,3.6487389065299674,Vanuatu
VUT,962.5,1,3.4064146227817185,Vanuatu
VUT,987.5,3,3.180183860657973,Vanuatu
VUT,1012.5,0,2.9689777985190164,Vanuatu
VUT,1037.5,0,2.7717985985485094,Vanuatu
VUT,1062.5,0,2.5877146924939876,Vanuatu
VUT,1087.5,0,2.4158563804943434,Vanuatu
VUT,1112.5,0,2.255411722205975,Vanuatu
VUT,1137.5,0,2.105622700809347,Vanuatu
VUT,1162.5,0,1.9657816417781904,Vanuatu
VUT,1187.5,0,1.8352278694879887,Vanuatu
ECU,62.5,20,29.9864747062594,Ecuador
ECU,87.5,15,28.40284730308512,Ecuador
ECU,112.5,22,26.90285346393098,Ecuador
ECU,137.5,13,25.482076384050654,Ecuador
ECU,162.5,12,24.13633251629487,Ecuador
ECU,187.5,17,22.861659252453254,Ecuador
ECU,212.5,31,21.654303255162244,Ecuador
ECU,237.5,28,20.510709406020496,Ecuador
ECU,262.5,19,19.427510337370496,Ecuador
ECU,287.5,15,18.401516516920047,Ecuador
ECU,312.5,21,17.429706856010768,Ecuador
ECU,337.5,22,16.509219813873898,Ecuador
ECU,362.5,18,15.637344971686463,Ecuador
ECU,387.5,12,14.811515051609804,Ecuador
ECU,412.5,21,14.029298357315842,Ecuador
ECU,437.5,9,13.28839161373935,Ecuador
ECU,462.5,17,12.586613184971982,Ecuador
ECU,487.5,10,11.921896650330103,Ecuador
ECU,512.5,12,11.292284719677282,Ecuador
ECU,537.5,12,10.695923470090548,Ecuador
ECU,562.5,9,10.131056886892148,Ecuador
ECU,587.5,10,9.596021692980111,Ecuador
ECU,612.5,9,9.089242451228069,Ecuador
ECU,637.5,7,8.60922692553316,Ecuador
ECU,662.5,8,8.154561686855624,Ecuador
ECU,687.5,4,7.723907951307138,Ecuador
ECU,712.5,6,7.315997638037399,Ecuador
ECU,737.5,10,6.9296296353079745,Ecuador
ECU,762.5,10,6.563666263760622,Ecuador
ECU,787.5,13,6.217029926465075,Ecuador
ECU,812.5,8,5.888699935882662,Ecuador
ECU,837.5,12,5.577709508402212,Ecuador
ECU,862.5,15,5.283142917598163,Ecuador
ECU,887.5,2,5.0041327978308585,Ecuador
ECU,912.5,5,4.739857590244832,Ecuador
ECU,937.5,5,4.489539123650061,Ecuador
ECU,962.5,10,4.252440323158097,Ecuador
ECU,987.5,4,4.027863039830086,Ecuador
ECU,1012.5,5,3.8151459949426125,Ecuador
ECU,1037.5,5,3.6136628328209133,Ecuador
ECU,1062.5,5,3.4228202765034825,Ecuador
ECU,1087.5,10,3.242056380810242,Ecuador
ECU,1112.5,1,3.070838877666545,Ecuador
ECU,1137.5,2,2.9086636088147615,Ecuador
ECU,1162.5,0,2.755053041295312,Ecuador
ECU,1187.5,0,2.609554861328121,Ecuador
LKA,62.5,1,36.77902135487366,Sri Lanka
LKA,87.5,1,33.65736450569423,Sri Lanka
LKA,112.5,5,30.80066145694373,Sri Lanka
LKA,137.5,5,28.18642398529915,Sri Lanka
LKA,162.5,3,25.794072578267393,Sri Lanka
LKA,187.5,15,23.60477443041143,Sri Lanka
LKA,212.5,80,21.60129518981264,Sri Lanka
LKA,237.5,91,19.767863287702262,Sri Lanka
LKA,262.5,64,18.090045783253558,Sri Lanka
LKA,287.5,34,16.554634746173917,Sri Lanka
LKA,312.5,27,15.149543282689082,Sri Lanka
LKA,337.5,21,13.863710386429082,Sri Lanka
LKA,362.5,14,12.687013865190595,Sri Lanka
LKA,387.5,10,11.610190658129955,Sri Lanka
LKA,412.5,11,10.624763916115096,Sri Lanka
LKA,437.5,8,9.722976271206406,Sri Lanka
LKA,462.5,14,8.897728769959382,Sri Lanka
LKA,487.5,8,8.142524989823913,Sri Lanka
LKA,512.5,7,7.451419898722065,Sri Lanka
LKA,537.5,2,6.818973055220633,Sri Lanka
LKA,562.5,5,6.2402057808876075,Sri Lanka
LKA,587.5,0,5.7105619676865915,Sri Lanka
LKA,612.5,0,5.225872211885601,Sri Lanka
LKA,637.5,0,4.782320992135514,Sri Lanka
LKA,662.5,0,4.376416633342768,Sri Lanka
LKA,687.5,0,4.004963819889169,Sri Lanka
LKA,712.5,0,3.6650384418199495,Sri Lanka
LKA,737.5,0,3.353964575986996,Sri Lanka
LKA,762.5,0,3.069293420941508,Sri Lanka
LKA,787.5,0,2.8087840197484764,Sri Lanka
LKA,812.5,0,2.5703856189722805,Sri Lanka
LKA,837.5,0,2.352221524961346,Sri Lanka
LKA,862.5,0,2.1525743303463996,Sri Lanka
LKA,887.5,0,1.9698723944559084,Sri Lanka
LKA,912.5,0,1.8026774712188127,Sri Lanka
LKA,937.5,0,1.6496733871624747,Sri Lanka
LKA,962.5,0,1.5096556803763939,Sri Lanka
LKA,987.5,0,1.3815221188801023,Sri Lanka
LKA,1012.5,0,1.264264023753459,Sri Lanka
LKA,1037.5,0,1.1569583287257774,Sri Lanka
LKA,1062.5,0,1.0587603137151647,Sri Lanka
LKA,1087.5,0,0.9688969551157498,Sri Lanka
LKA,1112.5,0,0.8866608404866234,Sri Lanka
LKA,1137.5,0,0.8114045997374073,Sri Lanka
LKA,1162.5,0,0.742535808972488,Sri Lanka
LKA,1187.5,0,0.6795123268772901,Sri Lanka
RUS,62.5,123,74.55498331251752,Russia
RUS,87.5,61,60.48390224905289,Russia
RUS,112.5,43,49.06851653280123,Russia
RUS,137.5,75,39.807605415662316,Russia
RUS,162.5,42,32.29454568633162,Russia
RUS,187.5,20,26.199457872344574,Russia
RUS,212.5,9,21.254722065815397,Russia
RUS,237.5,7,17.24322740937058,Russia
RUS,262.5,6,13.988839306888472,Russia
RUS,287.5,1,11.348665798353112,Russia
RUS,312.5,0,9.20678353487754,Russia
RUS,337.5,1,7.469147877311984,Russia
RUS,362.5,4,6.059463633723535,Russia
RUS,387.5,0,4.9158351302626775,Russia
RUS,412.5,0,3.988048528492478,Russia
RUS,437.5,1,3.23536706259748,Russia
RUS,462.5,0,2.6247423909098995,Russia
RUS,487.5,0,2.129363526717966,Russia
RUS,512.5,1,1.7274796355709876,Russia
RUS,537.5,0,1.401445011088414,Russia
RUS,562.5,0,1.1369442965707002,Russia
RUS,587.5,0,0.9223639338520024,Russia
RUS,612.5,0,0.7482822412997475,Russia
RUS,637.5,1,0.6070557315767857,Russia
RUS,662.5,0,0.4924835054218562,Russia
RUS,687.5,0,0.3995349858284568,Russia
RUS,712.5,0,0.3241290381171223,Russia
RUS,737.5,0,0.2629547776219714,Russia
RUS,762.5,0,0.21332619710941475,Russia
RUS,787.5,0,0.17306423098557622,Russia
RUS,812.5,0,0.1404010780320695,Russia
RUS,837.5,0,0.11390258171954101,Russia
RUS,862.5,0,0.09240526001809998,Russia
RUS,887.5,0,0.07496521984061519,Russia
RUS,912.5,0,0.06081671308151323,Russia
RUS,937.5,0,0.049338514552613844,Russia
RUS,962.5,0,0.04002664555370162,Russia
RUS,987.5,0,0.0324722454417154,Russia
RUS,1012.5,0,0.026343619592442823,Russia
RUS,1037.5,0,0.02137167552748139,Russia
RUS,1062.5,0,0.017338107743756603,Russia
RUS,1087.5,0,0.014065812469676395,Russia
RUS,1112.5,0,0.011411111486753838,Russia
RUS,1137.5,0,0.009257443581284233,Russia
RUS,1162.5,0,0.007510246636278417,Russia
RUS,1187.5,0,0.006092805648111075,Russia
PRT,62.5,67,36.9917739710949,Portugal
PRT,87.5,17,33.41481093681033,Portugal
PRT,112.5,24,30.183726544589135,Portugal
PRT,137.5,19,27.265075652871605,Portugal
PRT,162.5,7,24.628647137345393,Portugal
PRT,187.5,11,22.247151173849225,Portugal
PRT,212.5,30,20.095936759823555,Portugal
PRT,237.5,32,18.152736550355957,Portugal
PRT,262.5,28,16.397436367605376,Portugal
PRT,287.5,28,14.811866997783126,Portugal
PRT,312.5,25,13.379616120568906,Portugal
PRT,337.5,24,12.085858424233754,Portugal
PRT,362.5,10,10.917202147979983,Portugal
PRT,387.5,9,9.861550463049953,Portugal
PRT,412.5,6,8.907976257751644,Portugal
PRT,437.5,5,8.04660903029291,Portugal
PRT,462.5,2,7.268532718646203,Portugal
PRT,487.5,4,6.565693409874438,Portugal
PRT,512.5,9,5.9308159736120265,Portugal
PRT,537.5,3,5.357328756769414,Portugal
PRT,562.5,0,4.839295559971466,Portugal
PRT,587.5,1,4.37135419161419,Portugal
PRT,612.5,3,3.948660963509331,Portugal
PRT,637.5,1,3.5668405535870553,Portugal
PRT,662.5,5,3.221940716684427,Portugal
PRT,687.5,1,2.9103913746269328,Portugal
PRT,712.5,1,2.6289676621421276,Portugal
PRT,737.5,2,2.3747565460935225,Portugal
PRT,762.5,2,2.1451266725048685,Portugal
PRT,787.5,1,1.9377011292637323,Portugal
PRT,812.5,1,1.750332842566145,Portugal
PRT,837.5,0,1.581082352431679,Portugal
PRT,862.5,0,1.4281977372405017,Portugal
PRT,887.5,0,1.2900964794919285,Portugal
PRT,912.5,1,1.1653490850737154,Portugal
PRT,937.5,0,1.0526642864856954,Portugal
PRT,962.5,0,0.9508756768555099,Portugal
PRT,987.5,0,0.8589296363934071,Portugal
PRT,1012.5,0,0.7758744263126262,Portugal
PRT,1037.5,0,0.700850337326344,Portugal
PRT,1062.5,0,0.6330807907470843,Portugal
PRT,1087.5,0,0.5718643000757536,Portugal
PRT,1112.5,0,0.5165672098741645,Portugal
PRT,1137.5,0,0.46661713676091277,Portugal
PRT,1162.5,0,0.42149704463825,Portugal
PRT,1187.5,0,0.3807398928209519,Portugal
PAN,62.5,18,20.850184138200962,Panama
PAN,87.5,16,19.6387746754837,Panama
PAN,112.5,19,18.497748902264583,Panama
PAN,137.5,14,17.423017479719622,Panama
PAN,162.5,9,16.410728662310643,Panama
PAN,187.5,25,15.45725449345735,Panama
PAN,212.5,32,14.559177803252213,Panama
PAN,237.5,12,13.713279961615008,Panama
PAN,262.5,9,12.91652934299788,Panama
PAN,287.5,12,12.166070461298947,Panama
PAN,312.5,7,11.45921373604343,Panama
PAN,337.5,11,10.793425853158055,Panama
PAN,362.5,5,10.166320685789474,Panama
PAN,387.5,4,9.5756507426296,Panama
PAN,412.5,9,9.019299113099205,Panama
PAN,437.5,5,8.49527188052108,Panama
PAN,462.5,9,8.001690976093329,Panama
PAN,487.5,10,7.53678744805112,Panama
PAN,512.5,5,7.098895121895089,Panama
PAN,537.5,7,6.686444628964198,Panama
PAN,562.5,7,6.29795778195256,Panama
PAN,587.5,3,5.932042277212587,Panama
PAN,612.5,4,5.587386704857771,Panama
PAN,637.5,4,5.26275584878188,Panama
PAN,662.5,4,4.956986259749553,Panama
PAN,687.5,5,4.668982085694458,Panama
PAN,712.5,5,4.397711144278409,Panama
PAN,737.5,5,4.1422012236386,Panama
PAN,762.5,4,3.901536598063419,Panama
PAN,787.5,4,3.6748547461092897,Panama
PAN,812.5,5,3.4613432593981583,Panama
PAN,837.5,2,3.2602369310149353,Panama
PAN,862.5,9,3.0708150130714933,Panama
PAN,887.5,2,2.8923986336078427,Panama
PAN,912.5,3,2.7243483635728283,Panama
PAN,937.5,3,2.5660619251656946,Panama
PAN,962.5,3,2.416972033322973,Panama
PAN,987.5,5,2.2765443626183672,Panama
PAN,1012.5,4,2.1442756322851984,Panama
PAN,1037.5,2,2.0196918025019017,Panama
PAN,1062.5,3,1.9023463754732588,Panama
PAN,1087.5,4,1.7918187952207731,Panama
PAN,1112.5,4,1.687712940345957,Panama
PAN,1137.5,4,1.5896557043650061,Panama
PAN,1162.5,0,1.4972956585272048,Panama
PAN,1187.5,0,1.4103017923243224,Panama
SYC,62.5,21,31.322932856456124,Seychelles
SYC,87.5,36,28.284999580380884,Seychelles
SYC,112.5,20,25.54170788950402,Seychelles
SYC,137.5,13,23.06448123001753,Seychelles
SYC,162.5,4,20.82751461692338,Seychelles
SYC,187.5,10,18.80750582647413,Seychelles
SYC,212.5,28,16.98341265959027,Seychelles
SYC,237.5,48,15.336233747694333,Seychelles
SYC,262.5,25,13.848810617641409,Seychelles
SYC,287.5,20,12.505648953878971,Seychelles
SYC,312.5,23,11.29275719594534,Seychelles
SYC,337.5,14,10.197500789994594,Seychelles
SYC,362.5,11,9.208470576103139,Seychelles
SYC,387.5,12,8.315363940364277,Seychelles
SYC,412.5,8,7.508877493744691,Seychelles
SYC,437.5,7,6.780610159751485,Seychelles
SYC,462.5,3,6.122975661385661,Seychelles
SYC,487.5,4,5.5291234957673385,Seychelles
SYC,512.5,2,4.992867573236206,Seychelles
SYC,537.5,5,4.508621777566896,Seychelles
SYC,562.5,1,4.071341776039672,Seychelles
SYC,587.5,1,3.6764724732069483,Seychelles
SYC,612.5,1,3.3199005609880476,Seychelles
SYC,637.5,1,2.9979116708127145,Seychelles
SYC,662.5,1,2.7071516814709966,Seychelles
SYC,687.5,0,2.444591779618427,Seychelles
SYC,712.5,0,2.207496908976718,Seychelles
SYC,737.5,1,1.9933972795662978,Seychelles
SYC,762.5,0,1.8000626401892892,Seychelles
SYC,787.5,0,1.6254790461589863,Seychelles
SYC,812.5,0,1.4678278802697942,Seychelles
SYC,837.5,0,1.3254669084713542,Seychelles
SYC,862.5,0,1.1969131729053277,Seychelles
SYC,887.5,0,1.0808275441040558,Seychelles
SYC,912.5,0,0.976000771433017,Seychelles
SYC,937.5,0,0.8813408864663946,Seychelles
SYC,962.5,0,0.7958618280770373,Seychelles
SYC,987.5,0,0.718673170751959,Seychelles
SYC,1012.5,0,0.6489708491317238,Seychelles
SYC,1037.5,0,0.5860287821542958,Seychelles
SYC,1062.5,0,0.5291913095522918,Seychelles
SYC,1087.5,0,0.4778663619151494,Seychelles
SYC,1112.5,0,0.4315192931706042,Seychelles
SYC,1137.5,0,0.38966731123777354,Seychelles
SYC,1162.5,0,0.35187444883778285,Seychelles
SYC,1187.5,0,0.31774702207276717,Seychelles
AUS,62.5,120,55.33421367837863,Australia
AUS,87.5,66,44.03609058530643,Australia
AUS,112.5,33,35.04481486460581,Australia
AUS,137.5,7,27.889375114154383,Australia
AUS,162.5,10,22.1949308981394,Australia
AUS,187.5,12,17.663176588104047,Australia
AUS,212.5,3,14.056714509018828,Australia
AUS,237.5,6,11.186618771684408,Australia
AUS,262.5,2,8.902538318090656,Australia
AUS,287.5,3,7.084820723996064,Australia
AUS,312.5,0,5.638244161124711,Australia
AUS,337.5,3,4.487029165436244,Australia
AUS,362.5,1,3.5708689010478665,Australia
AUS,387.5,0,2.841769963675118,Australia
AUS,412.5,0,2.2615382278739897,Australia
AUS,437.5,0,1.799778033237112,Australia
AUS,462.5,0,1.4322998961497748,Australia
AUS,487.5,0,1.1398533344809192,Australia
AUS,512.5,0,0.907118423746154,Australia
AUS,537.5,0,0.7219032570312572,Australia
AUS,562.5,1,0.5745052673059083,Australia
AUS,587.5,0,0.45720295475529726,Australia
AUS,612.5,1,0.3638513930729597,Australia
AUS,637.5,2,0.2895603251557916,Australia
AUS,662.5,1,0.23043798512410352,Australia
AUS,687.5,0,0.18338722668399654,Australia
AUS,712.5,0,0.14594327793984804,Australia
AUS,737.5,0,0.11614462337948624,Australia
AUS,762.5,0,0.09243024913778712,Australia
AUS,787.5,0,0.07355786869063666,Australia
AUS,812.5,0,0.05853884520252918,Australia
AUS,837.5,0,0.04658640140949157,Australia
AUS,862.5,0,0.037074403992325214,Australia
AUS,887.5,0,0.02950456334471044,Australia
AUS,912.5,0,0.023480330481914127,Australia
AUS,937.5,0,0.018686123671818305,Australia
AUS,962.5,0,0.014870796565071082,Australia
AUS,987.5,0,0.011834481798607294,Australia
AUS,1012.5,0,0.009418120867146444,Australia
AUS,1037.5,0,0.0074951317834032445,Australia
AUS,1062.5,0,0.005964778031888566,Australia
AUS,1087.5,0,0.0047468914487918705,Australia
AUS,1112.5,0,0.0037776725815934454,Australia
AUS,1137.5,0,0.003006348530981005,Australia
AUS,1162.5,0,0.0023925131928642465,Australia
AUS,1187.5,0,0.0019040105692723324,Australia
NZL,62.5,101,35.37034929604409,New Zealand
NZL,87.5,27,30.63787934311731,New Zealand
NZL,112.5,38,26.53860279373604,New Zealand
NZL,137.5,20,22.987799852469603,New Zealand
NZL,162.5,14,19.91208603423281,New Zealand
NZL,187.5,6,17.247895526291174,New Zealand
NZL,212.5,7,14.940167472881155,New Zealand
NZL,237.5,2,12.941208031872389,New Zealand
NZL,262.5,4,11.209704685586283,New Zealand
NZL,287.5,1,9.70987243451906,New Zealand
NZL,312.5,0,8.410714228347425,New Zealand
NZL,337.5,1,7.285380349533818,New Zealand
NZL,362.5,3,6.3106135099067195,New Zealand
NZL,387.5,1,5.466268192019046,New Zealand
NZL,412.5,2,4.7348943015083895,New Zealand
NZL,437.5,3,4.101376525796734,New Zealand
NZL,462.5,8,3.5526219457524206,New Zealand
NZL,487.5,4,3.077289444179912,New Zealand
NZL,512.5,4,2.665555318821164,New Zealand
NZL,537.5,3,2.3089102557882177,New Zealand
NZL,562.5,2,1.9999834674755976,New Zealand
NZL,587.5,1,1.7323903604084852,New Zealand
NZL,612.5,3,1.5006005847759682,New Zealand
NZL,637.5,0,1.2998237386284095,New Zealand
NZL,662.5,3,1.1259103645852602,New Zealand
NZL,687.5,2,0.9752661929518099,New Zealand
NZL,712.5,0,0.8447778589063029,New Zealand
NZL,737.5,0,0.7317485585532797,New Zealand
NZL,762.5,0,0.6338423140470486,New Zealand
NZL,787.5,1,0.5490356959100323,New Zealand
NZL,812.5,1,0.4755760047933279,New Zealand
NZL,837.5,0,0.4119450484185433,New Zealand
NZL,862.5,0,0.3568277650809904,New Zealand
NZL,887.5,0,0.30908504525422126,New Zealand
NZL,912.5,0,0.2677301896004026,New Zealand
NZL,937.5,0,0.23190851684357922,New Zealand
NZL,962.5,0,0.20087970006251407,New Zealand
NZL,987.5,0,0.17400246634504918,New Zealand
NZL,1012.5,0,0.15072134359386521,New Zealand
NZL,1037.5,0,0.1305551805782827,New Zealand
NZL,1062.5,2,0.11308720297601774,New Zealand
NZL,1087.5,0,0.09795639989393458,New Zealand
NZL,1112.5,0,0.08485006285115317,New Zealand
NZL,1137.5,0,0.07349732302983206,New Zealand
NZL,1162.5,0,0.06366355322597075,New Zealand
NZL,1187.5,0,0.055145518806333074,New Zealand
PHL,62.5,82,50.84306646549121,Philippines
PHL,87.5,39,40.706109402674485,Philippines
PHL,112.5,43,32.59023221636629,Philippines
PHL,137.5,22,26.09247730874754,Philippines
PHL,162.5,33,20.89022770956535,Philippines
PHL,187.5,23,16.725188972807466,Philippines
PHL,212.5,10,13.390564720749017,Philippines
PHL,237.5,2,10.720789094347108,Philippines
PHL,262.5,1,8.583306320709312,Philippines
PHL,287.5,0,6.871989248811367,Philippines
PHL,312.5,0,5.501870080278975,Philippines
PHL,337.5,0,4.404921673226472,Philippines
PHL,362.5,0,3.5266799586580926,Philippines
PHL,387.5,0,2.8235397706153478,Philippines
PHL,412.5,0,2.260589826608581,Philippines
PHL,437.5,0,1.8098793639631408,Philippines
PHL,462.5,0,1.4490303696597986,Philippines
PHL,487.5,0,1.16012650014342,Philippines
PHL,512.5,0,0.9288235253834131,Philippines
PHL,537.5,0,0.7436371302603542,Philippines
PHL,562.5,0,0.5953727122421343,Philippines
PHL,587.5,0,0.47666886450183416,Philippines
PHL,612.5,0,0.38163187817221944,Philippines
PHL,637.5,0,0.3055431165815197,Philippines
PHL,662.5,0,0.24462473244492236,Philippines
PHL,687.5,0,0.19585209574766965,Philippines
PHL,712.5,0,0.15680361926355008,Philippines
PHL,737.5,0,0.1255405254679042,Philippines
PHL,762.5,0,0.1005105852070014,Philippines
PHL,787.5,0,0.08047104869928536,Philippines
PHL,812.5,0,0.06442694235057637,Philippines
PHL,837.5,0,0.05158166778912386,Philippines
PHL,862.5,0,0.04129745033420329,Philippines
PHL,887.5,0,0.03306367314598273,Philippines
PHL,912.5,0,0.026471524829230934,Philippines
PHL,937.5,0,0.021193701730897914,Philippines
PHL,962.5,0,0.016968157140780874,Philippines
PHL,987.5,0,0.013585090533495298,Philippines
PHL,1012.5,0,0.010876530861405834,Philippines
PHL,1037.5,0,0.008707996703328929,Philippines
PHL,1062.5,0,0.006971819190384249,Philippines
PHL,1087.5,0,0.005581796190273891,Philippines
PHL,1112.5,0,0.004468912325372338,Philippines
PHL,1137.5,0,0.0035779123226062646,Philippines
PHL,1162.5,0,0.002864557560366697,Philippines
PHL,1187.5,0,0.002293429597203749,Philippines
ARG,62.5,61,47.709266571930016,Argentina
ARG,87.5,49,38.53164016427815,Argentina
ARG,112.5,42,31.119474274688116,Argentina
ARG,137.5,28,25.133154856739676,Argentina
ARG,162.5,28,20.298397957405353,Argentina
ARG,187.5,37,16.393682447976143,Argentina
ARG,212.5,2,13.240100266485907,Argentina
ARG,237.5,0,10.693159125345948,Argentina
ARG,262.5,0,8.636162096853862,Argentina
ARG,287.5,1,6.97486073936284,Argentina
ARG,312.5,0,5.63313677857296,Argentina
ARG,337.5,0,4.549514485218237,Argentina
ARG,362.5,0,3.674343951657802,Argentina
ARG,387.5,0,2.9675262094338426,Argentina
ARG,412.5,0,2.3966759561809092,Argentina
ARG,437.5,0,1.9356377108566545,Argentina
ARG,462.5,0,1.5632874098093292,Argentina
ARG,487.5,0,1.2625645346549748,Argentina
ARG,512.5,0,1.0196904255520114,Argentina
ARG,537.5,0,0.8235369641889476,Argentina
ARG,562.5,0,0.6651167005107658,Argentina
ARG,587.5,0,0.5371710615734465,Argentina
ARG,612.5,0,0.43383777489019887,Argentina
ARG,637.5,0,0.3503822681184721,Argentina
ARG,662.5,0,0.2829807382330853,Argentina
ARG,687.5,0,0.22854495075039297,Argentina
ARG,712.5,0,0.18458074157145407,Argentina
ARG,737.5,0,0.14907373821736805,Argentina
ARG,762.5,0,0.12039706437902646,Argentina
ARG,787.5,0,0.09723679894537753,Argentina
ARG,812.5,0,0.07853177415841937,Argentina
ARG,837.5,0,0.0634249545373306,Argentina
ARG,862.5,0,0.051224168830672163,Argentina
ARG,887.5,0,0.041370395793509214,Argentina
ARG,912.5,0,0.03341215069332044,Argentina
ARG,937.5,0,0.026984798973739413,Argentina
ARG,962.5,0,0.021793849259760082,Argentina
ARG,987.5,0,0.017601460215421465,Argentina
ARG,1012.5,0,0.014215543019556588,Argentina
ARG,1037.5,0,0.011480960151508695,Argentina
ARG,1062.5,0,0.00927241722803917,Argentina
ARG,1087.5,0,0.007488722207551262,Argentina
ARG,1112.5,0,0.006048148926312936,Argentina
ARG,1137.5,0,0.004884692531093945,Argentina
ARG,1162.5,0,0.003945045238506124,Argentina
ARG,1187.5,0,0.00318615385402047,Argentina
FSM,62.5,43,39.75526943914537,Federated States of Micronesia
FSM,87.5,45,32.79378926312708,Federated States of Micronesia
FSM,112.5,43,27.05132248897428,Federated States of Micronesia
FSM,137.5,30,22.314409674678355,Federated States of Micronesia
FSM,162.5,25,18.406969911815946,Federated States of Micronesia
FSM,187.5,19,15.183755531699093,Federated States of Micronesia
FSM,212.5,6,12.524952947220775,Federated States of Micronesia
FSM,237.5,5,10.331728932449364,Federated States of Micronesia
FSM,262.5,2,8.52255678591578,Federated States of Micronesia
FSM,287.5,2,7.030185813434712,Federated States of Micronesia
FSM,312.5,0,5.799141479830921,Federated States of Micronesia
FSM,337.5,2,4.783663305005183,Federated States of Micronesia
FSM,362.5,1,3.946003851646031,Federated States of Micronesia
FSM,387.5,2,3.2550255744198107,Federated States of Micronesia
FSM,412.5,1,2.685043372602682,Federated States of Micronesia
FSM,437.5,1,2.214869821427686,Federated States of Micronesia
FSM,462.5,0,1.8270275914074898,Federated States of Micronesia
FSM,487.5,0,1.5070997796216912,Federated States of Micronesia
FSM,512.5,0,1.2431940034282232,Federated States of Micronesia
FSM,537.5,0,1.02550033584892,Federated States of Micronesia
FSM,562.5,0,0.8459266501658143,Federated States of Micronesia
FSM,587.5,0,0.69779781872852,Federated States of Micronesia
FSM,612.5,0,0.5756075845664272,Federated States of Micronesia
FSM,637.5,0,0.4748138823564644,Federated States of Micronesia
FSM,662.5,0,0.391670000401856,Federated States of Micronesia
FSM,687.5,0,0.32308530755972115,Federated States of Micronesia
FSM,712.5,0,0.26651036804935424,Federated States of Micronesia
FSM,737.5,0,0.21984217361742125,Federated States of Micronesia
FSM,762.5,0,0.18134597034472286,Federated States of Micronesia
FSM,787.5,0,0.14959077423194678,Federated States of Micronesia
FSM,812.5,0,0.12339617854635485,Federated States of Micronesia
FSM,837.5,0,0.10178847564644097,Federated States of Micronesia
FSM,862.5,0,0.0839644622425133,Federated States of Micronesia
FSM,887.5,0,0.06926158265857528,Federated States of Micronesia
FSM,912.5,0,0.05713330025880748,Federated States of Micronesia
FSM,937.5,0,0.047128781543306075,Federated States of Micronesia
FSM,962.5,0,0.038876137728760835,Federated States of Micronesia
FSM,987.5,0,0.03206860086794232,Federated States of Micronesia
FSM,1012.5,0,0.026453120646947662,Federated States of Micronesia
FSM,1037.5,0,0.021820957978317217,Federated States of Micronesia
FSM,1062.5,0,0.017999925734533805,Federated States of Micronesia
FSM,1087.5,0,0.014847988194225593,Federated States of Micronesia
FSM,1112.5,0,0.012247981278745749,Federated States of Micronesia
FSM,1137.5,0,0.01010325731958468,Federated States of Micronesia
FSM,1162.5,0,0.008334092463340506,Federated States of Micronesia
FSM,1187.5,0,0.006874723169967666,Federated States of Micronesia
ZAF,62.5,74,51.99509314251738,South Africa
ZAF,87.5,73,38.93477811291878,South Africa
ZAF,112.5,44,29.15500011793648,South Africa
ZAF,137.5,13,21.831742033090958,South Africa
ZAF,162.5,2,16.34796632726493,South Africa
ZAF,187.5,1,12.24162518191631,South Africa
ZAF,212.5,0,9.166729616062291,South Africa
ZAF,237.5,0,6.864197408863909,South Africa
ZAF,262.5,0,5.140023546161262,South Africa
ZAF,287.5,0,3.84893389298152,South Africa
ZAF,312.5,0,2.882144795543913,South Africa
ZAF,337.5,0,2.158197270581399,South Africa
ZAF,362.5,0,1.6160934960472204,South Africa
ZAF,387.5,0,1.2101573028412973,South Africa
ZAF,412.5,0,0.9061856267611076,South Africa
ZAF,437.5,0,0.6785666526329905,South Africa
ZAF,462.5,0,0.5081218333944992,South Africa
ZAF,487.5,0,0.3804899586065965,South Africa
ZAF,512.5,0,0.28491711846607426,South Africa
ZAF,537.5,0,0.21335060902080982,South Africa
ZAF,562.5,0,0.15976043354153233,South Africa
ZAF,587.5,0,0.11963123162630761,South Africa
ZAF,612.5,0,0.08958182738469003,South Africa
ZAF,637.5,0,0.06708034088166823,South Africa
ZAF,662.5,0,0.05023085891601062,South Africa
ZAF,687.5,0,0.03761369060257664,South Africa
ZAF,712.5,0,0.028165748133326684,South Africa
ZAF,737.5,0,0.021090973929957322,South Africa
ZAF,762.5,0,0.0157932670280491,South Africa
ZAF,787.5,0,0.011826257253339505,South Africa
ZAF,812.5,0,0.00885569530196082,South Africa
ZAF,837.5,0,0.006631289815561656,South Africa
ZAF,862.5,0,0.004965618522188088,South Africa
ZAF,887.5,0,0.0037183365520124857,South Africa
ZAF,912.5,0,0.0027843513656654866,South Africa
ZAF,937.5,0,0.0020849679471784508,South Africa
ZAF,962.5,0,0.0015612581781895996,South Africa
ZAF,987.5,0,0.001169095717902415,South Africa
ZAF,1012.5,0,0.0008754380388227463,South Africa
ZAF,1037.5,0,0.0006555423547626011,South Africa
ZAF,1062.5,0,0.0004908808616701694,South Africa
ZAF,1087.5,0,0.00036757963638078085,South Africa
ZAF,1112.5,0,0.00027524965750883387,South Africa
ZAF,1137.5,0,0.00020611145577206566,South Africa
ZAF,1162.5,0,0.00015433963695765017,South Africa
ZAF,1187.5,0,0.00011557205025911383,South Africa
MEX,62.5,8,9.761219057115706,Mexico
MEX,87.5,11,9.288447089298309,Mexico
MEX,112.5,11,8.838573217737787,Mexico
MEX,137.5,7,8.410488402880382,Mexico
MEX,162.5,8,8.00313732006291,Mexico
MEX,187.5,13,7.6155157579015,Mexico
MEX,212.5,6,7.2466681426865875,Mexico
MEX,237.5,3,6.895685182680194,Mexico
MEX,262.5,8,6.5617016265086665,Mexico
MEX,287.5,7,6.243894130124965,Mexico
MEX,312.5,3,5.941479227081612,Mexico
MEX,337.5,4,5.653711397111026,Mexico
MEX,362.5,0,5.379881228251653,Mexico
MEX,387.5,0,5.119313667988736,Mexico
MEX,412.5,2,4.871366359099611,Mexico
MEX,437.5,1,4.635428056099189,Mexico
MEX,462.5,6,4.410917118383889,Mexico
MEX,487.5,3,4.197280076357098,Mexico
MEX,512.5,1,3.9939902670034573,Mexico
MEX,537.5,3,3.800546535546785,Mexico
MEX,562.5,0,3.616471999991494,Mexico
MEX,587.5,2,3.4413128755022004,Mexico
MEX,612.5,5,3.2746373557227173,Mexico
MEX,637.5,3,3.1160345482767626,Mexico
MEX,662.5,4,2.965113461826863,Mexico
MEX,687.5,2,2.8215020421929218,Mexico
MEX,712.5,4,2.684846255156213,Mexico
MEX,737.5,2,2.5548092136852487,Mexico
MEX,762.5,0,2.431070347434577,Mexico
MEX,787.5,5,2.3133246124670412,Mexico
MEX,812.5,2,2.201281739252452,Mexico
MEX,837.5,4,2.0946655170882456,Mexico
MEX,862.5,3,1.9932131131786113,Mexico
MEX,887.5,5,1.8966744246927822,Mexico
MEX,912.5,1,1.8048114622057936,Mexico
MEX,937.5,3,1.7173977630014747,Mexico
MEX,962.5,0,1.6342178327910688,Mexico
MEX,987.5,4,1.555066614471901,Mexico
MEX,1012.5,8,1.4797489826157515,Mexico
MEX,1037.5,3,1.4080792624411298,Mexico
MEX,1062.5,1,1.339880772083307,Mexico
MEX,1087.5,4,1.2749853870343708,Mexico
MEX,1112.5,2,1.21323312567853,Mexico
MEX,1137.5,5,1.1544717549017873,Mexico
MEX,1162.5,3,1.0985564148033067,Mexico
MEX,1187.5,1,1.045349261583378,Mexico
BLZ,62.5,19,18.86409652629487,Belize
BLZ,87.5,16,16.853529390419045,Belize
BLZ,112.5,8,15.057251881519516,Belize
BLZ,137.5,6,13.452424650732794,Belize
BLZ,162.5,4,12.018642605411532,Belize
BLZ,187.5,7,10.737675462002636,Belize
BLZ,212.5,54,9.593235951236311,Belize
BLZ,237.5,6,8.57077272839534,Belize
BLZ,262.5,8,7.6572853555570815,Belize
BLZ,287.5,7,6.841159003338431,Belize
BLZ,312.5,7,6.112016770407172,Belize
BLZ,337.5,8,5.460587743028467,Belize
BLZ,362.5,7,4.87858911704626,Belize
BLZ,387.5,4,4.358620883502622,Belize
BLZ,412.5,5,3.894071738840576,Belize
BLZ,437.5,1,3.479035023356096,Belize
BLZ,462.5,3,3.1082336190709343,Belize
BLZ,487.5,1,2.7769528521167994,Belize
BLZ,512.5,1,2.480980546495877,Belize
BLZ,537.5,1,2.2165534670129983,Belize
BLZ,562.5,2,1.980309470409374,Belize
BLZ,587.5,1,1.7692447563098619,Belize
BLZ,612.5,0,1.580675674435244,Belize
BLZ,637.5,0,1.412204602466975,Belize
BLZ,662.5,0,1.2616894607057436,Belize
BLZ,687.5,0,1.1272164759094854,Belize
BLZ,712.5,0,1.007075848007033,Belize
BLZ,737.5,0,0.8997400102946707,Belize
BLZ,762.5,0,0.8038442066970761,Belize
BLZ,787.5,0,0.7181691391370735,Belize
BLZ,812.5,0,0.6416254643771,Belize
BLZ,837.5,0,0.573239943214212,Belize
BLZ,862.5,0,0.5121430659165629,Belize
BLZ,887.5,0,0.4575579965620347,Belize
BLZ,912.5,0,0.4087906957076181,Belize
BLZ,937.5,0,0.3652210958014748,Belize
BLZ,962.5,0,0.3262952171343647,Belize
BLZ,987.5,0,0.29151812408623073,Belize
BLZ,1012.5,0,0.26044763210785443,Belize
BLZ,1037.5,0,0.23268868542290289,Belize
BLZ,1062.5,0,0.20788833396429965,Belize
BLZ,1087.5,0,0.18573124567661575,Belize
BLZ,1112.5,0,0.16593569712531436,Belize
BLZ,1137.5,0,0.14824999143333545,Belize
BLZ,1162.5,0,0.1324492580001673,Belize
BLZ,1187.5,0,0.11833259331205218,Belize
GBR,62.5,15,18.737135777167673,United Kingdom
GBR,87.5,11,16.507540687962635,United Kingdom
GBR,112.5,21,14.543252651069416,United Kingdom
GBR,137.5,13,12.812701883998326,United Kingdom
GBR,162.5,20,11.288075199336022,United Kingdom
GBR,187.5,6,9.94486899480581,United Kingdom
GBR,212.5,39,8.761495434550858,United Kingdom
GBR,237.5,4,7.718935492237203,United Kingdom
GBR,262.5,6,6.800433279729707,United Kingdom
GBR,287.5,1,5.991226748631791,United Kingdom
GBR,312.5,3,5.27831043655913,United Kingdom
GBR,337.5,1,4.65022644503504,United Kingdom
GBR,362.5,1,4.09688028963301,United Kingdom
GBR,387.5,5,3.60937866273242,United Kingdom
GBR,412.5,1,3.179886501432293,United Kingdom
GBR,437.5,1,2.8015010634368704,United Kingdom
GBR,462.5,1,2.468140987077026,United Kingdom
GBR,487.5,1,2.174448552454341,United Kingdom
GBR,512.5,0,1.9157035728620155,United Kingdom
GBR,537.5,1,1.6877475325567595,United Kingdom
GBR,562.5,1,1.4869167516327868,United Kingdom
GBR,587.5,1,1.3099835038342313,United Kingdom
GBR,612.5,2,1.15410414095703,United Kingdom
GBR,637.5,1,1.0167733901042364,United Kingdom
GBR,662.5,0,0.8957840892649411,United Kingdom
GBR,687.5,0,0.7891917140926827,United Kingdom
GBR,712.5,0,0.6952831257626347,United Kingdom
GBR,737.5,0,0.6125490376264716,United Kingdom
GBR,762.5,0,0.539659758153259,United Kingdom
GBR,787.5,0,0.47544382029973536,United Kingdom
GBR,812.5,0,0.4188691538437523,United Kingdom
GBR,837.5,0,0.3690264980859096,United Kingdom
GBR,862.5,0,0.3251147883292305,United Kingdom
GBR,887.5,1,0.28642828127137016,United Kingdom
GBR,912.5,0,0.25234521239005697,United Kingdom
GBR,937.5,0,0.22231780302396476,United Kingdom
GBR,962.5,0,0.19586345654539783,United Kingdom
GBR,987.5,0,0.17255700212983885,United Kingdom
GBR,1012.5,0,0.15202386146565838,United Kingdom
GBR,1037.5,0,0.13393402857994655,United Kingdom
GBR,1062.5,0,0.1179967660254894,United Kingdom
GBR,1087.5,0,0.10395593218614234,United Kingdom
GBR,1112.5,0,0.09158586460203727,United Kingdom
GBR,1137.5,0,0.08068775315184837,United Kingdom
GBR,1162.5,0,0.07108644480213942,United Kingdom
GBR,1187.5,0,0.06262762857086215,United Kingdom
FJI,62.5,52,22.46018302114083,Fiji
FJI,87.5,21,19.18680559813284,Fiji
FJI,112.5,20,16.390494623932113,Fiji
FJI,137.5,11,14.001721789649629,Fiji
FJI,162.5,14,11.961091936084426,Fiji
FJI,187.5,7,10.21786623479567,Fiji
FJI,212.5,10,8.728700602760762,Fiji
FJI,237.5,7,7.456567982185957,Fiji
FJI,262.5,2,6.3698376887134,Fiji
FJI,287.5,1,5.441488936664769,Fiji
FJI,312.5,0,4.648438986178568,Fiji
FJI,337.5,0,3.9709692070915272,Fiji
FJI,362.5,0,3.3922347890452045,Fiji
FJI,387.5,0,2.897845907104594,Fiji
FJI,412.5,0,2.4755099288650837,Fiji
FJI,437.5,0,2.1147257667791357,Fiji
FJI,462.5,0,1.8065227759881524,Fiji
FJI,487.5,0,1.5432377055369024,Fiji
FJI,512.5,0,1.3183241570193143,Fiji
FJI,537.5,1,1.1261898129789727,Fiji
FJI,562.5,0,0.9620573878621571,Fiji
FJI,587.5,0,0.8218458441671826,Fiji
FJI,612.5,0,0.702068920312287,Fiji
FJI,637.5,1,0.5997484471895805,Fiji
FJI,662.5,1,0.5123402980811644,Fiji
FJI,687.5,0,0.43767113073477276,Fiji
FJI,712.5,0,0.37388434873475707,Fiji
FJI,737.5,0,0.3193939385358614,Fiji
FJI,762.5,0,0.2728450343499706,Fiji
FJI,787.5,0,0.23308023035968864,Fiji
FJI,812.5,1,0.19911080263549608,Fiji
FJI,837.5,0,0.17009212520929962,Fiji
FJI,862.5,0,0.14530266904291606,Fiji
FJI,887.5,1,0.12412606171516273,Fiji
FJI,912.5,1,0.10603576175443594,Fiji
FJI,937.5,1,0.09058196655464934,Fiji
FJI,962.5,0,0.07738042834936326,Fiji
FJI,987.5,0,0.06610290016077561,Fiji
FJI,1012.5,1,0.056468974169257245,Fiji
FJI,1037.5,0,0.04823910956966268,Fiji
FJI,1062.5,1,0.04120867655747709,Fiji
FJI,1087.5,0,0.03520286835245251,Fiji
FJI,1112.5,0,0.03007235475059168,Fiji
FJI,1137.5,0,0.025689569133710635,Fiji
FJI,1162.5,0,0.021945536614922292,Fiji
FJI,1187.5,0,0.018747164454582695,Fiji
MUS,62.5,24,17.986804672094085,Mauritius
MUS,87.5,24,15.791476061435986,Mauritius
MUS,112.5,18,13.864092080001091,Mauritius
MUS,137.5,17,12.17194950332399,Mauritius
MUS,162.5,6,10.686336606576974,Mauritius
MUS,187.5,10,9.382045993362121,Mauritius
MUS,212.5,5,8.236946884808777,Mauritius
MUS,237.5,7,7.231609611716195,Mauritius
MUS,262.5,1,6.348975938246628,Mauritius
MUS,287.5,6,5.574069623328014,Mauritius
MUS,312.5,3,4.893742308667336,Mauritius
MUS,337.5,2,4.296450421683476,Mauritius
MUS,362.5,4,3.7720593079227567,Mauritius
MUS,387.5,1,3.3116712695387363,Mauritius
MUS,412.5,2,2.9074745920492355,Mauritius
MUS,437.5,2,2.5526109977061235,Mauritius
MUS,462.5,3,2.2410592764691044,Mauritius
MUS,487.5,1,1.9675331200725692,Mauritius
MUS,512.5,6,1.7273914256662073,Mauritius
MUS,537.5,3,1.5165595470916973,Mauritius
MUS,562.5,0,1.3314601576118947,Mauritius
MUS,587.5,2,1.1689525509944778,Mauritius
MUS,612.5,0,1.0262793510302337,Mauritius
MUS,637.5,0,0.9010197252702269,Mauritius
MUS,662.5,0,0.791048309128631,Mauritius
MUS,687.5,0,0.6944991433872829,Mauritius
MUS,712.5,0,0.6097340132071111,Mauritius
MUS,737.5,0,0.5353146514312241,Mauritius
MUS,762.5,0,0.46997833453581606,Mauritius
MUS,787.5,0,0.4126164571482004,Mauritius
MUS,812.5,0,0.36225572159124064,Mauritius
MUS,837.5,0,0.3180416232851744,Mauritius
MUS,862.5,0,0.27922395179175313,Mauritius
MUS,887.5,0,0.24514406148745102,Mauritius
MUS,912.5,0,0.21522369587904794,Mauritius
MUS,937.5,0,0.18895517593519753,Mauritius
MUS,962.5,0,0.16589278595405682,Mauritius
MUS,987.5,0,0.1456452108040507,Mauritius
MUS,1012.5,0,0.12786889621609182,Mauritius
MUS,1037.5,0,0.11226221946642446,Mauritius
MUS,1062.5,0,0.09856037154049536,Mauritius
MUS,1087.5,0,0.08653086393952823,Mauritius
MUS,1112.5,0,0.07596958389149061,Mauritius
MUS,1137.5,0,0.06669733103184355,Mauritius
MUS,1162.5,0,0.05855677679010815,Mauritius
MUS,1187.5,0,0.05140979488983247,Mauritius
PNG,62.5,24,23.934198518229806,Papua New Guinea
PNG,87.5,27,19.561737347956132,Papua New Guinea
PNG,112.5,24,15.988066940238713,Papua New Guinea
PNG,137.5,19,13.06725879908938,Papua New Guinea
PNG,162.5,18,10.680043632581189,Papua New Guinea
PNG,187.5,13,8.728941069246082,Papua New Guinea
PNG,212.5,1,7.134279110801303,Papua New Guinea
PNG,237.5,1,5.830940778159252,Papua New Guinea
PNG,262.5,1,4.765705102134929,Papua New Guinea
PNG,287.5,0,3.895073879945109,Papua New Guinea
PNG,312.5,1,3.183495454520282,Papua New Guinea
PNG,337.5,2,2.601912985818414,Papua New Guinea
PNG,362.5,0,2.126577933748171,Papua New Guinea
PNG,387.5,0,1.7380803020521682,Papua New Guinea
PNG,412.5,0,1.420556043792475,Papua New Guinea
PNG,437.5,0,1.1610392633601136,Papua New Guinea
PNG,462.5,0,0.9489327625997565,Papua New Guinea
PNG,487.5,0,0.7755753111477013,Papua New Guinea
PNG,512.5,0,0.6338879707492674,Papua New Guinea
PNG,537.5,0,0.5180850314407304,Papua New Guinea
PNG,562.5,0,0.42343775586351357,Papua New Guinea
PNG,587.5,0,0.3460812843639414,Papua New Guinea
PNG,612.5,0,0.2828568159745878,Papua New Guinea
PNG,637.5,0,0.2311826208410522,Papua New Guinea
PNG,662.5,0,0.1889486169699999,Papua New Guinea
PNG,687.5,0,0.1544302064099218,Papua New Guinea
PNG,712.5,0,0.12621785242070716,Papua New Guinea
PNG,737.5,0,0.10315952196168172,Papua New Guinea
PNG,762.5,0,0.08431364317541012,Papua New Guinea
PNG,787.5,0,0.0689106569158832,Papua New Guinea
PNG,812.5,0,0.05632159230387925,Papua New Guinea
PNG,837.5,0,0.04603238311189121,Papua New Guinea
PNG,862.5,0,0.03762287620574412,Papua New Guinea
PNG,887.5,0,0.030749674865917984,Papua New Guinea
PNG,912.5,0,0.025132116406713777,Papua New Guinea
PNG,937.5,0,0.020540811499178878,Papua New Guinea
PNG,962.5,0,0.01678827720737036,Papua New Guinea
PNG,987.5,0,0.013721281245564997,Papua New Guinea
PNG,1012.5,0,0.011214584837616998,Papua New Guinea
PNG,1037.5,0,0.009165828673668034,Papua New Guinea
PNG,1062.5,0,0.007491353134473276,Papua New Guinea
PNG,1087.5,0,0.006122782105514976,Papua New Guinea
PNG,1112.5,0,0.005004230883100886,Papua New Guinea
PNG,1137.5,0,0.004090024158895576,Papua New Guinea
PNG,1162.5,0,0.0033428308987523254,Papua New Guinea
PNG,1187.5,0,0.0027321399540421736,Papua New Guinea
CUW,62.5,21,17.311966574108833,Netherlands
CUW,87.5,14,15.009801090240186,Netherlands
CUW,112.5,13,13.013780254492723,Netherlands
CUW,137.5,10,11.283192594893656,Netherlands
CUW,162.5,13,9.78274049844295,Netherlands
CUW,187.5,20,8.481820269839815,Netherlands
CUW,212.5,9,7.353897928838667,Netherlands
CUW,237.5,12,6.375968014799605,Netherlands
CUW,262.5,3,5.528084360040541,Netherlands
CUW,287.5,3,4.792953261495519,Netherlands
CUW,312.5,4,4.155580752879841,Netherlands
CUW,337.5,0,3.6029667830136733,Netherlands
CUW,362.5,0,3.1238400626684073,Netherlands
CUW,387.5,1,2.7084281717884573,Netherlands
CUW,412.5,2,2.348258238122221,Netherlands
CUW,437.5,1,2.0359841218412686,Netherlands
CUW,462.5,0,1.765236581349972,Netherlands
CUW,487.5,1,1.5304933642204008,Netherlands
CUW,512.5,0,1.3269665735859817,Netherlands
CUW,537.5,0,1.1505050126836212,Netherlands
CUW,562.5,1,0.9975095157318686,Netherlands
CUW,587.5,1,0.8648595382080326,Netherlands
CUW,612.5,0,0.7498495092356731,Netherlands
CUW,637.5,1,0.6501336479053993,Netherlands
CUW,662.5,0,0.5636781179861192,Netherlands
CUW,687.5,0,0.48871954515820026,Netherlands
CUW,712.5,0,0.42372905067344663,Netherlands
CUW,737.5,0,0.36738106786067026,Netherlands
CUW,762.5,0,0.31852630544908633,Netherlands
CUW,787.5,0,0.2761683062599048,Netherlands
CUW,812.5,0,0.23944312315097613,Netherlands
CUW,837.5,0,0.20760169767753792,Netherlands
CUW,862.5,0,0.17999458205959715,Netherlands
CUW,887.5,0,0.15605869283942045,Netherlands
CUW,912.5,0,0.1353058260536277,Netherlands
CUW,937.5,0,0.11731269967059216,Netherlands
CUW,962.5,0,0.10171232019636192,Netherlands
CUW,987.5,0,0.08818649735943208,Netherlands
CUW,1012.5,0,0.0764593542012627,Netherlands
CUW,1037.5,0,0.06629170020264809,Netherlands
CUW,1062.5,0,0.05747615267831589,Netherlands
CUW,1087.5,0,0.04983290693412576,Netherlands
CUW,1112.5,0,0.04320606891350369,Netherlands
CUW,1137.5,0,0.03746047553332778,Netherlands
CUW,1162.5,0,0.0324789378545798,Netherlands
CUW,1187.5,0,0.028159850859960013,Netherlands
SEN,62.5,52,19.181064710180102,Senegal
SEN,87.5,22,16.141546548873745,Senegal
SEN,112.5,7,13.58368416593551,Senegal
SEN,137.5,4,11.431152210923797,Senegal
SEN,162.5,6,9.619720193215214,Senegal
SEN,187.5,4,8.095335875881426,Senegal
SEN,212.5,4,6.812512383629888,Senegal
SEN,237.5,3,5.732970896906384,Senegal
SEN,262.5,3,4.824498430821671,Senegal
SEN,287.5,3,4.05998661558892,Senegal
SEN,312.5,1,3.4166227961553943,Senegal
SEN,337.5,0,2.875209313840421,Senegal
SEN,362.5,0,2.4195906576801582,Senegal
SEN,387.5,0,2.0361713919580158,Senegal
SEN,412.5,2,1.7135104751162211,Senegal
SEN,437.5,1,1.4419798647252164,Senegal
SEN,462.5,2,1.2134772214520124,Senegal
SEN,487.5,2,1.0211841392553072,Senegal
SEN,512.5,1,0.8593626875161363,Senegal
SEN,537.5,2,0.7231841940215651,Senegal
SEN,562.5,0,0.6085851597702554,Senegal
SEN,587.5,0,0.5121460061688828,Senegal
SEN,612.5,1,0.4309890364953116,Senegal
SEN,637.5,1,0.36269256684957385,Senegal
SEN,662.5,0,0.3052186643020953,Senegal
SEN,687.5,0,0.2568523359812591,Senegal
SEN,712.5,0,0.21615035453311732,Senegal
SEN,737.5,0,0.181898192929838,Senegal
SEN,762.5,0,0.15307378358275975,Senegal
SEN,787.5,0,0.1288170203503757,Senegal
SEN,812.5,0,0.10840409339579035,Senegal
SEN,837.5,0,0.09122589105848668,Senegal
SEN,862.5,0,0.07676982426325396,Senegal
SEN,887.5,0,0.06460453111535996,Senegal
SEN,912.5,0,0.05436700527438474,Senegal
SEN,937.5,0,0.04575176402452659,Senegal
SEN,962.5,0,0.0385017328210697,Senegal
SEN,987.5,0,0.03240057431294079,Senegal
SEN,1012.5,0,0.0272662329429924,Senegal
SEN,1037.5,0,0.022945502500104256,Senegal
SEN,1062.5,0,0.01930945452136323,Senegal
SEN,1087.5,0,0.016249591130607394,Senegal
SEN,1112.5,0,0.013674607515154813,Senegal
SEN,1137.5,0,0.011507667435512502,Senegal
SEN,1162.5,0,0.009684110469653048,Senegal
SEN,1187.5,0,0.008149522578267048,Senegal
MHL,62.5,8,15.981661106306916,Marshall Islands
MHL,87.5,25,13.838178419089783,Marshall Islands
MHL,112.5,17,11.98218262074095,Marshall Islands
MHL,137.5,12,10.375115568587228,Marshall Islands
MHL,162.5,7,8.983590591852021,Marshall Islands
MHL,187.5,7,7.778698886628572,Marshall Islands
MHL,212.5,6,6.735408938127316,Marshall Islands
MHL,237.5,6,5.832046493249432,Marshall Islands
MHL,262.5,7,5.049844279964309,Marshall Islands
MHL,287.5,9,4.372552118952712,Marshall Islands
MHL,312.5,7,3.786099327619829,Marshall Islands
MHL,337.5,5,3.2783024029537877,Marshall Islands
MHL,362.5,0,2.8386119103665766,Marshall Islands
MHL,387.5,1,2.457893320157099,Marshall Islands
MHL,412.5,1,2.1282372384933277,Marshall Islands
MHL,437.5,1,1.8427950904802504,Marshall Islands
MHL,462.5,0,1.5956368416437656,Marshall Islands
MHL,487.5,0,1.381627802007727,Marshall Islands
MHL,512.5,0,1.196321953380208,Marshall Islands
MHL,537.5,0,1.0358695837328336,Marshall Islands
MHL,562.5,0,0.8969373097860647,Marshall Islands
MHL,587.5,0,0.776638826276931,Marshall Islands
MHL,612.5,0,0.6724749432317277,Marshall Islands
MHL,637.5,0,0.5822816655232209,Marshall Islands
MHL,662.5,0,0.5041852360700638,Marshall Islands
MHL,687.5,0,0.43656320870518617,Marshall Islands
MHL,712.5,0,0.37801074200533485,Marshall Islands
MHL,737.5,0,0.32731141383909196,Marshall Islands
MHL,762.5,0,0.28341195030859806,Marshall Islands
MHL,787.5,0,0.2454003440809487,Marshall Islands
MHL,812.5,0,0.21248690751914917,Marshall Islands
MHL,837.5,0,0.18398786699399958,Marshall Islands
MHL,862.5,0,0.15931115754958544,Marshall Islands
MHL,887.5,0,0.1379441228079029,Marshall Islands
MHL,912.5,0,0.1194428645797978,Marshall Islands
MHL,937.5,0,0.10342302092051847,Marshall Islands
MHL,962.5,0,0.08955178104576476,Marshall Islands
MHL,987.5,0,0.0775409712178926,Marshall Islands
MHL,1012.5,0,0.06714106796316806,Marshall Islands
MHL,1037.5,0,0.05813601424422246,Marshall Islands
MHL,1062.5,0,0.05033873089504067,Marshall Islands
MHL,1087.5,0,0.04358723006842321,Marshall Islands
MHL,1112.5,0,0.03774124995322833,Marshall Islands
MHL,1137.5,0,0.03267934084812027,Marshall Islands
MHL,1162.5,0,0.028296342055209613,Marshall Islands
MHL,1187.5,0,0.02450119717612972,Marshall Islands
NOR,62.5,32,18.992961102910467,Norway
NOR,87.5,22,15.829365301240621,Norway
NOR,112.5,10,13.192719370215672,Norway
NOR,137.5,17,10.995250982528257,Norway
NOR,162.5,9,9.163807762160529,Norway
NOR,187.5,11,7.637422086614752,Norway
NOR,212.5,4,6.365281512120937,Norway
NOR,237.5,0,5.3050372585218275,Norway
NOR,262.5,1,4.421394444332603,Norway
NOR,287.5,2,3.684937141765209,Norway
NOR,312.5,0,3.0711491385180816,Norway
NOR,337.5,2,2.559597808092375,Norway
NOR,362.5,0,2.133253920176755,Norway
NOR,387.5,0,1.7779247480061127,Norway
NOR,412.5,0,1.4817816011844405,Norway
NOR,437.5,1,1.234966055830623,Norway
NOR,462.5,1,1.0292617736883383,Norway
NOR,487.5,0,0.8578209852606462,Norway
NOR,512.5,0,0.7149365317596426,Norway
NOR,537.5,0,0.5958518772879199,Norway
NOR,562.5,1,0.49660276667312847,Norway
NOR,587.5,0,0.4138852578427553,Norway
NOR,612.5,0,0.34494573561714026,Norway
NOR,637.5,0,0.2874892455475048,Norway
NOR,662.5,0,0.239603096288768,Norway
NOR,687.5,0,0.1996931872767473,Norway
NOR,712.5,0,0.1664309420971767,Norway
NOR,737.5,0,0.1387090809911775,Norway
NOR,762.5,0,0.11560476019046445,Norway
NOR,787.5,0,0.09634885101391528,Norway
NOR,812.5,0,0.08030033604501895,Norway
NOR,837.5,0,0.06692497005506536,Norway
NOR,862.5,0,0.055777495306594,Norway
NOR,887.5,0,0.04648681919646382,Norway
NOR,912.5,0,0.03874366081025551,Norway
NOR,937.5,0,0.03229025515031622,Norway
NOR,962.5,1,0.02691177229684911,Norway
NOR,987.5,0,0.022429165851628075,Norway
NOR,1012.5,0,0.018693212593006117,Norway
NOR,1037.5,0,0.015579544926428624,Norway
NOR,1062.5,0,0.01298451076328741,Norway
NOR,1087.5,0,0.010821723006541696,Norway
NOR,1112.5,0,0.00901918377715344,Norway
NOR,1137.5,0,0.007516887648756593,Norway
NOR,1162.5,0,0.006264824103832524,Norway
NOR,1187.5,0,0.005221312714207966,Norway
IRL,62.5,24,22.658852711884688,Ireland
IRL,87.5,24,18.115434683327805,Ireland
IRL,112.5,30,14.48303574495585,Ireland
IRL,137.5,14,11.578983781311972,Ireland
IRL,162.5,14,9.257235000236767,Ireland
IRL,187.5,4,7.4010294398995216,Ireland
IRL,212.5,2,5.917019149763191,Ireland
IRL,237.5,1,4.730573753688503,Ireland
IRL,262.5,0,3.7820273135303184,Ireland
IRL,287.5,0,3.0236777492659774,Ireland
IRL,312.5,0,2.4173879175060353,Ireland
IRL,337.5,0,1.9326677074377048,Ireland
IRL,362.5,0,1.5451407034523326,Ireland
IRL,387.5,0,1.2353183034399897,Ireland
IRL,412.5,0,0.9876196435730732,Ireland
IRL,437.5,0,0.7895880419283472,Ireland
IRL,462.5,0,0.6312645561611733,Ireland
IRL,487.5,0,0.5046871516597055,Ireland
IRL,512.5,0,0.4034902935138801,Ireland
IRL,537.5,0,0.32258482591545984,Ireland
IRL,562.5,0,0.25790204023168484,Ireland
IRL,587.5,0,0.20618906102264062,Ireland
IRL,612.5,0,0.16484526003444483,Ireland
IRL,637.5,0,0.13179147148271894,Ireland
IRL,662.5,0,0.10536543150806858,Ireland
IRL,687.5,0,0.08423818348771203,Ireland
IRL,712.5,0,0.06734724525630055,Ireland
IRL,737.5,0,0.05384317723654981,Ireland
IRL,762.5,0,0.04304686440984446,Ireland
IRL,787.5,0,0.03441536385157995,Ireland
IRL,812.5,0,0.027514600314656464,Ireland
IRL,837.5,0,0.021997536732156073,Ireland
IRL,862.5,0,0.017586721840353047,Ireland
IRL,887.5,0,0.014060337248486635,Ireland
IRL,912.5,0,0.011241042266751329,Ireland
IRL,937.5,0,0.008987055502977636,Ireland
IRL,962.5,0,0.007185024724332153,Ireland
IRL,987.5,0,0.005744326411708513,Ireland
IRL,1012.5,0,0.0045925083336796155,Ireland
IRL,1037.5,0,0.0036716459482444984,Ireland
IRL,1062.5,0,0.0029354293971185297,Ireland
IRL,1087.5,0,0.0023468345987189432,Ireland
IRL,1112.5,0,0.0018762613194057102,Ireland
IRL,1137.5,0,0.0015000445879797448,Ireland
IRL,1162.5,0,0.001199264592139587,Ireland
IRL,1187.5,0,0.0009587952074633636,Ireland
VEN,62.5,9,11.976781596505225,Venezuela
VEN,87.5,11,10.66718388444898,Venezuela
VEN,112.5,16,9.500783754614908,Venezuela
VEN,137.5,9,8.461923308882499,Venezuela
VEN,162.5,6,7.536656757462577,Venezuela
VEN,187.5,7,6.712563208908052,Venezuela
VEN,212.5,17,5.978579930546856,Venezuela
VEN,237.5,9,5.324853841004189,Venezuela
VEN,262.5,4,4.742609241232281,Venezuela
VEN,287.5,3,4.224030008451813,Venezuela
VEN,312.5,2,3.762154671563328,Venezuela
VEN,337.5,6,3.3507829595068586,Venezuela
VEN,362.5,0,2.9843925680641314,Venezuela
VEN,387.5,0,2.658065027771093,Venezuela
VEN,412.5,1,2.3674196777814593,Venezuela
VEN,437.5,0,2.1085548593393835,Venezuela
VEN,462.5,2,1.8779955394347958,Venezuela
VEN,487.5,2,1.6726466615348032,Venezuela
VEN,512.5,0,1.4897515971659587,Venezuela
VEN,537.5,1,1.3268551405961837,Venezuela
VEN,562.5,0,1.1817705498525521,Venezuela
VEN,587.5,0,1.0525501916292703,Venezuela
VEN,612.5,0,0.9374593960198446,Venezuela
VEN,637.5,0,0.8349531700958881,Venezuela
VEN,662.5,1,0.7436554577329348,Venezuela
VEN,687.5,0,0.6623406672645613,Venezuela
VEN,712.5,0,0.5899172189898981,Venezuela
VEN,737.5,1,0.5254128916740217,Venezuela
VEN,762.5,0,0.4679617713311419,Venezuela
VEN,787.5,0,0.4167926270892559,Venezuela
VEN,812.5,0,0.3712185580925335,Venezuela
VEN,837.5,0,0.33062777246004316,Venezuela
VEN,862.5,0,0.29447537451681677,Venezuela
VEN,887.5,0,0.2622760500474808,Venezuela
VEN,912.5,0,0.2335975513789123,Venezuela
VEN,937.5,1,0.20805489483441636,Venezuela
VEN,962.5,0,0.1853051926659608,Venezuela
VEN,987.5,0,0.1650430500868282,Venezuela
VEN,1012.5,0,0.14699646561479615,Venezuela
VEN,1037.5,0,0.13092317969081363,Venezuela
VEN,1062.5,1,0.11660742255719092,Venezuela
VEN,1087.5,0,0.10385701773773423,Venezuela
VEN,1112.5,0,0.09250080223739375,Venezuela
VEN,1137.5,0,0.08238632882920961,Venezuela
VEN,1162.5,0,0.07337781958404622,Venezuela
VEN,1187.5,0,0.06535434317107426,Venezuela
GHA,62.5,12,9.114295021470529,Ghana
GHA,87.5,10,8.31160388770407,Ghana
GHA,112.5,4,7.57960533682084,Ghana
GHA,137.5,5,6.912073510499369,Ghana
GHA,162.5,1,6.303330858462138,Ghana
GHA,187.5,2,5.748199849276545,Ghana
GHA,212.5,6,5.24195893396027,Ghana
GHA,237.5,5,4.780302387848284,Ghana
GHA,262.5,4,4.359303689165683,Ghana
GHA,287.5,6,3.9753821228299984,Ghana
GHA,312.5,11,3.625272325438915,Ghana
GHA,337.5,3,3.305996512415158,Ghana
GHA,362.5,6,3.014839151091301,Ghana
GHA,387.5,4,2.7493238643233875,Ghana
GHA,412.5,6,2.507192368190553,Ghana
GHA,437.5,2,2.286385264640296,Ghana
GHA,462.5,5,2.085024525715589,Ghana
GHA,487.5,3,1.9013975203866045,Ghana
GHA,512.5,3,1.7339424481309316,Ghana
GHA,537.5,2,1.5812350553707497,Ghana
GHA,562.5,0,1.4419765217862142,Ghana
GHA,587.5,0,1.3149824134749688,Ghana
GHA,612.5,2,1.1991726090009358,Ghana
GHA,637.5,0,1.0935621126506356,Ghana
GHA,662.5,0,0.997252676761213,Ghana
GHA,687.5,0,0.9094251618656262,Ghana
GHA,712.5,0,0.8293325696756535,Ghana
GHA,737.5,0,0.7562936896466241,Ghana
GHA,762.5,0,0.6896873050855804,Ghana
GHA,787.5,0,0.6289469095246055,Ghana
GHA,812.5,0,0.5735558884202983,Ghana
GHA,837.5,0,0.5230431251983533,Ghana
GHA,862.5,0,0.47697899427159246,Ghana
GHA,887.5,0,0.4349717069506478,Ghana
GHA,912.5,0,0.396663979168526,Ghana
GHA,937.5,0,0.36172999267663664,Ghana
GHA,962.5,0,0.32987262386698296,Ghana
GHA,987.5,0,0.3008209166502915,Ghana
GHA,1012.5,0,0.2743277778965233,Ghana
GHA,1037.5,0,0.2501678758366632,Ghana
GHA,1062.5,0,0.22813572355123846,Ghana
GHA,1087.5,0,0.20804393124491413,Ghana
GHA,1112.5,0,0.1897216124423226,Ghana
GHA,1137.5,0,0.17301293054949177,Ghana
GHA,1162.5,0,0.15777577341863006,Ghana
GHA,1187.5,0,0.14388054464362793,Ghana
SLB,62.5,26,18.359500348964637,Solomon Islands
SLB,87.5,16,14.695813371840533,Solomon Islands
SLB,112.5,22,11.763224845721128,Solomon Islands
SLB,137.5,10,9.415842136110424,Solomon Islands
SLB,162.5,8,7.536885870578412,Solomon Islands
SLB,187.5,2,6.03288031011846,Solomon Islands
SLB,212.5,4,4.829003047305272,Solomon Islands
SLB,237.5,2,3.86536268451607,Solomon Islands
SLB,262.5,1,3.094019311333149,Solomon Islands
SLB,287.5,1,2.4765995535813565,Solomon Islands
SLB,312.5,0,1.9823875456538642,Solomon Islands
SLB,337.5,0,1.5867968543726225,Solomon Islands
SLB,362.5,0,1.2701473344942509,Solomon Islands
SLB,387.5,0,1.016686065943002,Solomon Islands
SLB,412.5,0,0.8138036656151094,Solomon Islands
SLB,437.5,0,0.6514069862404288,Solomon Islands
SLB,462.5,0,0.5214169948498903,Solomon Islands
SLB,487.5,0,0.41736685092585557,Solomon Islands
SLB,512.5,0,0.33408018912374937,Solomon Islands
SLB,537.5,0,0.26741360152909793,Solomon Islands
SLB,562.5,0,0.21405050826371394,Solomon Islands
SLB,587.5,0,0.17133616175824873,Solomon Islands
SLB,612.5,0,0.1371455763603521,Solomon Islands
SLB,637.5,0,0.10977781293918003,Solomon Islands
SLB,662.5,0,0.08787135927768634,Solomon Islands
SLB,687.5,0,0.0703363965320454,Solomon Islands
SLB,712.5,0,0.05630058209840115,Solomon Islands
SLB,737.5,0,0.0450656516527076,Solomon Islands
SLB,762.5,0,0.036072681368256886,Solomon Islands
SLB,787.5,0,0.02887428215004969,Solomon Islands
SLB,812.5,0,0.02311234258325572,Solomon Islands
SLB,837.5,0,0.018500213335547393,Solomon Islands
SLB,862.5,0,0.014808446708814342,Solomon Islands
SLB,887.5,0,0.011853381901652575,Solomon Islands
SLB,912.5,0,0.009488008112459447,Solomon Islands
SLB,937.5,0,0.007594650934994699,Solomon Islands
SLB,962.5,0,0.006079118202758086,Solomon Islands
SLB,987.5,0,0.004866014045877989,Solomon Islands
SLB,1012.5,0,0.0038949880401602448,Solomon Islands
SLB,1037.5,0,0.003117732848714369,Solomon Islands
SLB,1062.5,0,0.002495580991700768,Solomon Islands
SLB,1087.5,0,0.001997581187465323,Solomon Islands
SLB,1112.5,0,0.0015989585646707075,Solomon Islands
SLB,1137.5,0,0.0012798821432540876,Solomon Islands
SLB,1162.5,0,0.0010244782677974933,Solomon Islands
SLB,1187.5,0,0.0008200409129282874,Solomon Islands
NAM,62.5,83,26.438436571234636,Namibia
NAM,87.5,3,18.67187157592177,Namibia
NAM,112.5,1,13.186815612502512,Namibia
NAM,137.5,1,9.313051736194563,Namibia
NAM,162.5,0,6.57724618207329,Namibia
NAM,187.5,0,4.645111888670185,Namibia
NAM,212.5,0,3.2805620864663103,Namibia
NAM,237.5,0,2.316862943476091,Namibia
NAM,262.5,0,1.6362604204314162,Namibia
NAM,287.5,0,1.155591948591242,Namibia
NAM,312.5,0,0.8161248264483587,Namibia
NAM,337.5,0,0.5763796928122898,Namibia
NAM,362.5,0,0.4070621791180098,Namibia
NAM,387.5,0,0.28748344144433535,Namibia
NAM,412.5,0,0.20303219838246003,Namibia
NAM,437.5,0,0.14338938400384368,Namibia
NAM,462.5,0,0.10126726503878598,Namibia
NAM,487.5,1,0.07151895546298845,Namibia
NAM,512.5,0,0.05050952041173124,Namibia
NAM,537.5,0,0.0356718248428943,Namibia
NAM,562.5,1,0.025192856262544413,Namibia
NAM,587.5,0,0.017792193403614154,Namibia
NAM,612.5,0,0.012565552028443217,Namibia
NAM,637.5,0,0.008874290774458874,Namibia
NAM,662.5,0,0.006267375804241691,Namibia
NAM,687.5,0,0.004426269148680928,Namibia
NAM,712.5,0,0.0031260066714614825,Namibia
NAM,737.5,0,0.0022077097848748517,Namibia
NAM,762.5,0,0.001559172134440623,Namibia
NAM,787.5,0,0.0011011491462518971,Namibia
NAM,812.5,0,0.0007776751620534522,Namibia
NAM,837.5,0,0.000549225016195913,Namibia
NAM,862.5,0,0.00038788447042537787,Namibia
NAM,887.5,0,0.00027393938361752973,Namibia
NAM,912.5,0,0.00019346684803831922,Namibia
NAM,937.5,0,0.00013663395455252653,Namibia
NAM,962.5,0,9.649631305524634e-05,Namibia
NAM,987.5,0,6.814952012345074e-05,Namibia
NAM,1012.5,0,4.8129891646126514e-05,Namibia
NAM,1037.5,0,3.3991236709623684e-05,Namibia
NAM,1062.5,0,2.4005958336973578e-05,Namibia
NAM,1087.5,0,1.6953959058028247e-05,Namibia
NAM,1112.5,0,1.1973557704944198e-05,Namibia
NAM,1137.5,0,8.456200935032383e-06,Namibia
NAM,1162.5,0,5.972104190336002e-06,Namibia
NAM,1187.5,0,4.217736632622703e-06,Namibia
CAN,62.5,40,17.282390704624373,Canada
CAN,87.5,14,13.849404778116632,Canada
CAN,112.5,14,11.098349527348491,Canada
CAN,137.5,7,8.893765775827601,Canada
CAN,162.5,1,7.127102050657734,Canada
CAN,187.5,2,5.711369617867329,Canada
CAN,212.5,3,4.576859245180518,Canada
CAN,237.5,2,3.667708789965592,Canada
CAN,262.5,0,2.939152603863902,Canada
CAN,287.5,0,2.355317317567346,Canada
CAN,312.5,0,1.8874554724173387,Canada
CAN,337.5,0,1.5125300246328184,Canada
CAN,362.5,1,1.2120800245876349,Canada
CAN,387.5,0,0.971311618333695,Canada
CAN,412.5,1,0.7783696132035454,Canada
CAN,437.5,0,0.6237537401209947,Canada
CAN,462.5,0,0.49985086996607037,Canada
CAN,487.5,0,0.4005601508014448,Canada
CAN,512.5,0,0.320992608097215,Canada
CAN,537.5,0,0.2572304165726644,Canada
CAN,562.5,0,0.2061339904440856,Canada
CAN,587.5,0,0.16518739339835245,Canada
CAN,612.5,1,0.13237445643463996,Canada
CAN,637.5,0,0.10607950374341851,Canada
CAN,662.5,1,0.08500779846455447,Canada
CAN,687.5,0,0.06812179115458193,Canada
CAN,712.5,0,0.05459003190209818,Canada
CAN,737.5,0,0.043746230575621686,Canada
CAN,762.5,0,0.03505644937169481,Canada
CAN,787.5,0,0.028092812257887463,Canada
CAN,812.5,0,0.0225124367898258,Canada
CAN,837.5,0,0.018040550926817223,Canada
CAN,862.5,0,0.014456963534510849,Canada
CAN,887.5,0,0.011585222396245085,Canada
CAN,912.5,0,0.009283925884577361,Canada
CAN,937.5,0,0.007439760488177619,Canada
CAN,962.5,0,0.005961921369222712,Canada
CAN,987.5,0,0.00477764122503361,Canada
CAN,1012.5,0,0.003828607299823327,Canada
CAN,1037.5,0,0.003068090123520862,Canada
CAN,1062.5,0,0.0024586426000022684,Canada
CAN,1087.5,0,0.0019702561499993047,Canada
CAN,1112.5,0,0.0015788831188890526,Canada
CAN,1137.5,0,0.0012652526947674965,Canada
CAN,1162.5,0,0.0010139220328838406,Canada
CAN,1187.5,0,0.0008125158658242161,Canada
SLV,62.5,7,8.434465133104826,El Salvador
SLV,87.5,14,7.5730112506549645,El Salvador
SLV,112.5,4,6.799541938640423,El Salvador
SLV,137.5,3,6.105070895191302,El Salvador
SLV,162.5,0,5.481529634151294,El Salvador
SLV,187.5,7,4.921673743992976,El Salvador
SLV,212.5,21,4.418998720976594,El Salvador
SLV,237.5,5,3.9676643986868645,El Salvador
SLV,262.5,4,3.562427095957187,El Salvador
SLV,287.5,4,3.1985786948639356,El Salvador
SLV,312.5,0,2.8718919409882195,El Salvador
SLV,337.5,0,2.578571330433969,El Salvador
SLV,362.5,1,2.3152090129993255,El Salvador
SLV,387.5,2,2.078745199176314,El Salvador
SLV,412.5,3,1.8664326109807756,El Salvador
SLV,437.5,1,1.6758045635958037,El Salvador
SLV,462.5,0,1.504646306995666,El Salvador
SLV,487.5,0,1.3509692945923806,El Salvador
SLV,512.5,0,1.212988079953253,El Salvador
SLV,537.5,0,1.089099573171741,El Salvador
SLV,562.5,1,0.9778644158882203,El Salvador
SLV,587.5,1,0.8779902585726271,El Salvador
SLV,612.5,0,0.7883167457814265,El Salvador
SLV,637.5,0,0.7078020349447771,El Salvador
SLV,662.5,1,0.6355106920573751,El Salvador
SLV,687.5,0,0.5706028236422893,El Salvador
SLV,712.5,0,0.5123243187215452,El Salvador
SLV,737.5,0,0.4599980874227907,El Salvador
SLV,762.5,1,0.41301619443059684,El Salvador
SLV,787.5,0,0.3708327958875797,El Salvador
SLV,812.5,0,0.33295779768488715,El Salvador
SLV,837.5,0,0.2989511614630058,El Salvador
SLV,862.5,0,0.2684177921691488,El Salvador
SLV,887.5,0,0.24100294777373185,El Salvador
SLV,912.5,0,0.21638811781531125,El Salvador
SLV,937.5,0,0.19428732289040473,El Salvador
SLV,962.5,0,0.17444379209462257,El Salvador
SLV,987.5,0,0.15662697981338589,El Salvador
SLV,1012.5,1,0.14062988720260555,El Salvador
SLV,1037.5,1,0.126266657239909,El Salvador
SLV,1062.5,0,0.11337041540514634,El Salvador
SLV,1087.5,0,0.10179133090311869,El Salvador
SLV,1112.5,0,0.09139487590302439,El Salvador
SLV,1137.5,0,0.08206026257067375,El Salvador
SLV,1162.5,0,0.07367903973427382,El Salvador
SLV,1187.5,0,0.06615383287970909,El Salvador
GTM,62.5,4,7.886504990847031,Guatemala
GTM,87.5,6,6.97506327040346,Guatemala
GTM,112.5,6,6.16895667758983,Guatemala
GTM,137.5,7,5.456011653895566,Guatemala
GTM,162.5,5,4.825461536402691,Guatemala
GTM,187.5,8,4.267783963158569,Guatemala
GTM,212.5,10,3.77455706957551,Guatemala
GTM,237.5,9,3.3383323041820843,Guatemala
GTM,262.5,3,2.9525219430313094,Guatemala
GTM,287.5,2,2.6112996040450223,Guatemala
GTM,312.5,0,2.3095122588944488,Guatemala
GTM,337.5,1,2.04260241364928,Guatemala
GTM,362.5,0,1.806539282992615,Guatemala
GTM,387.5,3,1.5977579186175617,Guatemala
GTM,412.5,2,1.4131053725420581,Guatemala
GTM,437.5,0,1.2497930823181087,Guatemala
GTM,462.5,0,1.105354759072442,Guatemala
GTM,487.5,0,0.9776091424173265,Guatemala
GTM,512.5,1,0.864627059768493,Guatemala
GTM,537.5,0,0.7647022926109268,Guatemala
GTM,562.5,0,0.6763258097438739,Guatemala
GTM,587.5,1,0.5981629783846426,Guatemala
GTM,612.5,0,0.5290334089800326,Guatemala
GTM,637.5,0,0.4678931293488792,Guatemala
GTM,662.5,0,0.4138188189550532,Guatemala
GTM,687.5,0,0.36599386522231003,Guatemala
GTM,712.5,0,0.323696031317796,Guatemala
GTM,737.5,0,0.2862865491672702,Guatemala
GTM,762.5,0,0.2532004729883181,Guatemala
GTM,787.5,0,0.22393814766355533,Guatemala
GTM,812.5,0,0.19805766311223477,Guatemala
GTM,837.5,0,0.17516818070862178,Guatemala
GTM,862.5,0,0.15492403096455726,Guatemala
GTM,887.5,0,0.13701949334183378,Guatemala
GTM,912.5,0,0.12118417936046309,Guatemala
GTM,937.5,0,0.10717894928007157,Guatemala
GTM,962.5,0,0.09479230068979769,Guatemala
GTM,987.5,0,0.08383717446774784,Guatemala
GTM,1012.5,0,0.07414812987540724,Guatemala
GTM,1037.5,0,0.06557884612554285,Guatemala
GTM,1062.5,0,0.057999912693464696,Guatemala
GTM,1087.5,0,0.051296875001578555,Guatemala
GTM,1112.5,0,0.04536850596369863,Guatemala
GTM,1137.5,0,0.04012527728667738,Guatemala
GTM,1162.5,0,0.03548800744333184,Guatemala
GTM,1187.5,0,0.03138666589890281,Guatemala
MYS,62.5,0,3.6163160126865996,Malaysia
MYS,87.5,1,3.417922892328617,Malaysia
MYS,112.5,0,3.2304137295858597,Malaysia
MYS,137.5,1,3.0531914244522738,Malaysia
MYS,162.5,1,2.8856916341622916,Malaysia
MYS,187.5,0,2.727380976110284,Malaysia
MYS,212.5,2,2.577755329358924,Malaysia
MYS,237.5,7,2.4363382293276046,Malaysia
MYS,262.5,4,2.3026793505493006,Malaysia
MYS,287.5,6,2.17635307266408,Malaysia
MYS,312.5,3,2.056957125083234,Malaysia
MYS,337.5,2,1.9441113060076256,Malaysia
MYS,362.5,0,1.837456271721626,Malaysia
MYS,387.5,0,1.7366523923069457,Malaysia
MYS,412.5,1,1.6413786701327127,Malaysia
MYS,437.5,3,1.5513317176777113,Malaysia
MYS,462.5,4,1.4662247914299307,Malaysia
MYS,487.5,1,1.3857868787869065,Malaysia
MYS,512.5,2,1.3097618350492504,Malaysia
MYS,537.5,2,1.237907567759113,Malaysia
MYS,562.5,3,1.1699952657863422,Malaysia
MYS,587.5,4,1.1058086707075019,Malaysia
MYS,612.5,1,1.045143388157267,Malaysia
MYS,637.5,0,0.9878062369595849,Malaysia
MYS,662.5,5,0.9336146339658226,Malaysia
MYS,687.5,2,0.8823960126410834,Malaysia
MYS,712.5,1,0.8339872735471624,Malaysia
MYS,737.5,1,0.788234264972306,Malaysia
MYS,762.5,0,0.7449912920539129,Malaysia
MYS,787.5,1,0.7041206528311206,Malaysia
MYS,812.5,0,0.6654921997497042,Malaysia
MYS,837.5,3,0.6289829252230655,Malaysia
MYS,862.5,0,0.5944765699296788,Malaysia
MYS,887.5,0,0.5618632525994736,Malaysia
MYS,912.5,0,0.5310391201103231,Malaysia
MYS,937.5,0,0.5019060167805175,Malaysia
MYS,962.5,0,0.47437117180395966,Malaysia
MYS,987.5,0,0.4483469038329445,Malaysia
MYS,1012.5,0,0.42375034176750753,Malaysia
MYS,1037.5,0,0.4005031608626597,Malaysia
MYS,1062.5,0,0.37853133331273736,Malaysia
MYS,1087.5,0,0.35776489251891797,Malaysia
MYS,1112.5,0,0.33813771028916734,Malaysia
MYS,1137.5,0,0.31958728626106064,Malaysia
MYS,1162.5,0,0.3020545488770401,Malaysia
MYS,1187.5,0,0.2854836672782432,Malaysia
KIR,62.5,3,7.727704047093219,Kiribati
KIR,87.5,10,6.642965884967669,Kiribati
KIR,112.5,8,5.710492467092246,Kiribati
KIR,137.5,5,4.908910384518126,Kiribati
KIR,162.5,7,4.219846414664855,Kiribati
KIR,187.5,5,3.6275063850259714,Kiribati
KIR,212.5,4,3.1183131517949447,Kiribati
KIR,237.5,5,2.6805953954476047,Kiribati
KIR,262.5,4,2.304320100102426,Kiribati
KIR,287.5,1,1.9808625847652088,Kiribati
KIR,312.5,1,1.7028088152979737,Kiribati
KIR,337.5,1,1.4637854658657055,Kiribati
KIR,362.5,1,1.2583138346654208,Kiribati
KIR,387.5,0,1.0816842655108463,Kiribati
KIR,412.5,0,0.9298481968648558,Kiribati
KIR,437.5,0,0.7993253639540364,Kiribati
KIR,462.5,0,0.6871240269266471,Kiribati
KIR,487.5,0,0.5906723965874852,Kiribati
KIR,512.5,0,0.507759685905496,Kiribati
KIR,537.5,0,0.43648543612392865,Kiribati
KIR,562.5,0,0.3752159559665335,Kiribati
KIR,587.5,0,0.32254687547445,Kiribati
KIR,612.5,0,0.27727095616266356,Kiribati
KIR,637.5,0,0.2383504196662186,Kiribati
KIR,662.5,0,0.20489316061553503,Kiribati
KIR,687.5,0,0.17613229851163997,Kiribati
KIR,712.5,0,0.1514085999054081,Kiribati
KIR,737.5,0,0.130155367976424,Kiribati
KIR,762.5,0,0.11188545316225369,Kiribati
KIR,787.5,0,0.09618008710628792,Kiribati
KIR,812.5,0,0.08267928398481689,Kiribati
KIR,837.5,0,0.07107358920031377,Kiribati
KIR,862.5,0,0.06109698631089593,Kiribati
KIR,887.5,0,0.05252079961450485,Kiribati
KIR,912.5,0,0.045148452627612905,Kiribati
KIR,937.5,0,0.03881096231643443,Kiribati
KIR,962.5,0,0.03336306580320592,Kiribati
KIR,987.5,0,0.02867989076678025,Kiribati
KIR,1012.5,0,0.024654093219307137,Kiribati
KIR,1037.5,0,0.021193397053333122,Kiribati
KIR,1062.5,0,0.018218478962695676,Kiribati
KIR,1087.5,0,0.015661150257259403,Kiribati
KIR,1112.5,0,0.01346279389639032,Kiribati
KIR,1137.5,0,0.011573020916054774,Kiribati
KIR,1162.5,0,0.009948515453340275,Kiribati
KIR,1187.5,0,0.008552041894969314,Kiribati
FRO,62.5,19,10.796461628662078,Denmark
FRO,87.5,14,8.637952275337259,Denmark
FRO,112.5,9,6.910988254977988,Denmark
FRO,137.5,1,5.5292917971787325,Denmark
FRO,162.5,3,4.423834428647195,Denmark
FRO,187.5,3,3.5393883647214643,Denmark
FRO,212.5,1,2.8317673724865258,Denmark
FRO,237.5,2,2.2656192611714987,Denmark
FRO,262.5,0,1.8126597143761978,Denmark
FRO,287.5,0,1.4502592277677973,Denmark
FRO,312.5,1,1.160312556761074,Denmark
FRO,337.5,0,0.9283341926737086,Denmark
FRO,362.5,0,0.7427346780533106,Denmark
FRO,387.5,0,0.5942416064565353,Denmark
FRO,412.5,0,0.47543638028261526,Denmark
FRO,437.5,0,0.3803835834453156,Denmark
FRO,462.5,1,0.3043344526321067,Denmark
FRO,487.5,0,0.24348963280693237,Denmark
FRO,512.5,0,0.19480936440713492,Denmark
FRO,537.5,0,0.15586161933556603,Denmark
FRO,562.5,0,0.12470059874090544,Denmark
FRO,587.5,0,0.09976952243041783,Denmark
FRO,612.5,0,0.07982285335032914,Denmark
FRO,637.5,0,0.06386407152978052,Denmark
FRO,662.5,0,0.051095888723253886,Denmark
FRO,687.5,0,0.040880416514022334,Denmark
FRO,712.5,0,0.03270729790828718,Denmark
FRO,737.5,0,0.02616821029929047,Denmark
FRO,762.5,0,0.020936465989566683,Denmark
FRO,787.5,0,0.016750691129409655,Denmark
FRO,812.5,0,0.013401767683830203,Denmark
FRO,837.5,0,0.010722386059400653,Denmark
FRO,862.5,0,0.008578686447882629,Denmark
FRO,887.5,0,0.0068635712949848,Denmark
FRO,912.5,0,0.00549135479045422,Denmark
FRO,937.5,0,0.004393482072020456,Denmark
FRO,962.5,0,0.003515104278239558,Denmark
FRO,987.5,0,0.00281233834218447,Denmark
FRO,1012.5,0,0.0022500746279102138,Denmark
FRO,1037.5,0,0.001800222880456027,Denmark
FRO,1062.5,0,0.0014403088586980356,Denmark
FRO,1087.5,0,0.0011523515398926647,Denmark
FRO,1112.5,0,0.0009219648018390998,Denmark
FRO,1137.5,0,0.0007376387034602798,Denmark
FRO,1162.5,0,0.0005901644572200739,Denmark
FRO,1187.5,0,0.00047217436521661824,Denmark
BRA,62.5,10,4.316709655472514,Brazil
BRA,87.5,7,3.9162192895740264,Brazil
BRA,112.5,2,3.552885125036949,Brazil
BRA,137.5,2,3.223259929625106,Brazil
BRA,162.5,1,2.924216294164239,Brazil
BRA,187.5,2,2.6529169603924045,Brazil
BRA,212.5,1,2.406787901696288,Brazil
BRA,237.5,1,2.1834939013299737,Brazil
BRA,262.5,1,1.9809163964074026,Brazil
BRA,287.5,1,1.7971333774578293,Brazil
BRA,312.5,1,1.6304011528353006,Brazil
BRA,337.5,2,1.4791378049674317,Brazil
BRA,362.5,1,1.3419081814798566,Brazil
BRA,387.5,0,1.2174102787956322,Brazil
BRA,412.5,1,1.1044628890203405,Brazil
BRA,437.5,1,1.001994392909114,Brazil
BRA,462.5,3,0.9090325925861134,Brazil
BRA,487.5,2,0.8246954875512845,Brazil
BRA,512.5,0,0.7481829064594505,Brazil
BRA,537.5,0,0.6787689152758877,Brazil
BRA,562.5,4,0.6157949297786874,Brazil
BRA,587.5,1,0.558663467060822,Brazil
BRA,612.5,1,0.5068324767477047,Brazil
BRA,637.5,1,0.4598101981460897,Brazil
BRA,662.5,0,0.41715049452995107,Brazil
BRA,687.5,0,0.3784486202963565,Brazil
BRA,712.5,0,0.3433373808308722,Brazil
BRA,737.5,0,0.3114836486482411,Brazil
BRA,762.5,0,0.2825852027543028,Brazil
BRA,787.5,0,0.2563678612416278,Brazil
BRA,812.5,0,0.23258287991375862,Brazil
BRA,837.5,0,0.21100459225655366,Brazil
BRA,862.5,0,0.1914282683655261,Brazil
BRA,887.5,0,0.17366817251477876,Brazil
BRA,912.5,0,0.15755580093861954,Brazil
BRA,937.5,0,0.1429382831059458,Brazil
BRA,962.5,0,0.12967693131931043,Brazil
BRA,987.5,0,0.11764592487743843,Brazil
BRA,1012.5,0,0.10673111631697073,Brazil
BRA,1037.5,0,0.0968289484071181,Brazil
BRA,1062.5,0,0.08784547162221172,Brazil
BRA,1087.5,0,0.07969545276979896,Brazil
BRA,1112.5,0,0.07230156631746842,Brazil
BRA,1137.5,0,0.06559366074573457,Brazil
BRA,1162.5,0,0.05950809296626315,Brazil
BRA,1187.5,0,0.05398712449070783,Brazil
CPV,62.5,3,4.925358544086675,Cabo Verde
CPV,87.5,4,4.38894591049227,Cabo Verde
CPV,112.5,4,3.9109530875378757,Cabo Verde
CPV,137.5,4,3.485017670497218,Cabo Verde
CPV,162.5,4,3.1054701735949206,Cabo Verde
CPV,187.5,2,2.767258565352327,Cabo Verde
CPV,212.5,9,2.4658810226636985,Cabo Verde
CPV,237.5,1,2.1973260085144166,Cabo Verde
CPV,262.5,0,1.95801887573567,Cabo Verde
CPV,287.5,3,1.7447742860556066,Cabo Verde
CPV,312.5,1,1.5547538111128247,Cabo Verde
CPV,337.5,1,1.385428151073055,Cabo Verde
CPV,362.5,3,1.2345434679538647,Cabo Verde
CPV,387.5,2,1.1000913855309613,Cabo Verde
CPV,412.5,3,0.9802822565050906,Cabo Verde
CPV,437.5,1,0.8735213410973954,Cabo Verde
CPV,462.5,0,0.7783875799945694,Cabo Verde
CPV,487.5,0,0.6936146790971529,Cabo Verde
CPV,512.5,0,0.618074254296821,Cabo Verde
CPV,537.5,0,0.5507608119277837,Cabo Verde
CPV,562.5,0,0.4907783649724322,Cabo Verde
CPV,587.5,0,0.43732850687385677,Cabo Verde
CPV,612.5,0,0.3896997842096471,Cabo Verde
CPV,637.5,0,0.3472582267701284,Cabo Verde
CPV,662.5,0,0.3094389089901642,Cabo Verde
CPV,687.5,0,0.27573843041134505,Cabo Verde
CPV,712.5,0,0.24570821508464305,Cabo Verde
CPV,737.5,0,0.21894854072396455,Cabo Verde
CPV,762.5,0,0.19510321813473427,Cabo Verde
CPV,787.5,0,0.17385485009702858,Cabo Verde
CPV,812.5,0,0.15492060659597787,Cabo Verde
CPV,837.5,0,0.13804846016474326,Cabo Verde
CPV,862.5,0,0.12301383123005508,Cabo Verde
CPV,887.5,0,0.10961659880767964,Cabo Verde
CPV,912.5,0,0.09767843675800249,Cabo Verde
CPV,937.5,0,0.08704044014562366,Cabo Verde
CPV,962.5,0,0.07756101010823335,Cabo Verde
CPV,987.5,0,0.06911396908085952,Cabo Verde
CPV,1012.5,0,0.06158688128796976,Cabo Verde
CPV,1037.5,0,0.054879556147913275,Cabo Verde
CPV,1062.5,0,0.04890271466920646,Cabo Verde
CPV,1087.5,0,0.043576801087321475,Cabo Verde
CPV,1112.5,0,0.03883092392413069,Cabo Verde
CPV,1137.5,0,0.034601912374905196,Cabo Verde
CPV,1162.5,0,0.030833475462487582,Cabo Verde
CPV,1187.5,0,0.027475452766743277,Cabo Verde
EST,62.5,0,3.8596069332863814,Estonia
EST,87.5,0,3.5263661858853395,Estonia
EST,112.5,0,3.2218976418842646,Estonia
EST,137.5,0,2.9437170922092375,Estonia
EST,162.5,0,2.6895548158683766,Estonia
EST,187.5,0,2.45733706092387,Estonia
EST,212.5,5,2.245169124407785,Estonia
EST,237.5,8,2.0513198931280767,Estonia
EST,262.5,11,1.8742077192304765,Estonia
EST,287.5,7,1.7123875152727213,Estonia
EST,312.5,6,1.5645389635177935,Estonia
EST,337.5,6,1.429455743243651,Estonia
EST,362.5,0,1.306035688173533,Estonia
EST,387.5,0,1.1932717937194415,Estonia
EST,412.5,1,1.0902440006656495,Estonia
EST,437.5,0,0.9961116882537182,Estonia
EST,462.5,0,0.9101068154191932,Estonia
EST,487.5,0,0.8315276542177089,Estonia
EST,512.5,0,0.7597330643110654,Estonia
EST,537.5,0,0.6941372617973769,Estonia
EST,562.5,0,0.6342050397036396,Estonia
EST,587.5,0,0.5794474011436946,Estonia
EST,612.5,0,0.5294175695120337,Estonia
EST,637.5,0,0.4837073431597282,Estonia
EST,662.5,0,0.4419437648098872,Estonia
EST,687.5,0,0.40378607853764853,Estonia
EST,712.5,0,0.3689229494864667,Estonia
EST,737.5,0,0.3370699236355682,Estonia
EST,762.5,0,0.3079671068927553,Estonia
EST,787.5,0,0.2813770445755852,Estonia
EST,812.5,0,0.257082783979459,Estonia
EST,837.5,0,0.2348861042247407,Estonia
EST,862.5,0,0.2146058989398611,Estonia
EST,887.5,0,0.1960766985846164,Estonia
EST,912.5,0,0.1791473203568052,Estonia
EST,937.5,0,0.16367963466691535,Estonia
EST,962.5,0,0.14954743811593343,Estonia
EST,987.5,0,0.13663542378103627,Estonia
EST,1012.5,0,0.12483824040737078,Estonia
EST,1037.5,0,0.1140596328297987,Estonia
EST,1062.5,0,0.10421165661110957,Estonia
EST,1087.5,0,0.09521396048887167,Estonia
EST,1112.5,0,0.08699313077621747,Estonia
EST,1137.5,0,0.07948209236746205,Estonia
EST,1162.5,0,0.07261956146124343,Estonia
EST,1187.5,0,0.06634954553589108,Estonia
URY,62.5,4,7.35252354775577,Uruguay
URY,87.5,11,6.095549391207447,Uruguay
URY,112.5,17,5.053465267988237,Uruguay
URY,137.5,2,4.189533965814501,Uruguay
URY,162.5,0,3.473298799914532,Uruguay
URY,187.5,1,2.879509905379739,Uruguay
URY,212.5,5,2.387234088637616,Uruguay
URY,237.5,0,1.979116857110402,Uruguay
URY,262.5,0,1.6407706109516629,Uruguay
URY,287.5,0,1.3602674284192153,Uruguay
URY,312.5,1,1.1277185637454956,Uruguay
URY,337.5,0,0.9349258332930342,Uruguay
URY,362.5,0,0.7750926001036629,Uruguay
URY,387.5,1,0.6425841680076502,Uruguay
URY,412.5,1,0.5327291383234175,Uruguay
URY,437.5,0,0.4416547262574799,Uruguay
URY,462.5,0,0.36615023131540053,Uruguay
URY,487.5,0,0.30355384856486056,Uruguay
URY,512.5,0,0.25165883044101817,Uruguay
URY,537.5,0,0.20863569096013315,Uruguay
URY,562.5,0,0.17296770976060225,Uruguay
URY,587.5,0,0.14339746225655753,Uruguay
URY,612.5,0,0.11888249090007762,Uruguay
URY,637.5,0,0.09855855480426592,Uruguay
URY,662.5,0,0.08170916214459019,Uruguay
URY,687.5,0,0.06774031124572545,Uruguay
URY,712.5,0,0.05615954988680208,Uruguay
URY,737.5,0,0.04655861458988105,Uruguay
URY,762.5,0,0.03859903786441179,Uruguay
URY,787.5,0,0.032000216011201225,Uruguay
URY,812.5,0,0.026529516833047162,Uruguay
URY,837.5,0,0.021994078513362915,Uruguay
URY,862.5,0,0.018234010543669046,Uruguay
URY,887.5,0,0.0151167570082232,Uruguay
URY,912.5,0,0.012532423511474974,Uruguay
URY,937.5,0,0.010389903005341958,Uruguay
URY,962.5,0,0.008613663938319005,Uruguay
URY,987.5,0,0.007141087496597017,Uruguay
URY,1012.5,0,0.0059202600657676605,Uruguay
URY,1037.5,0,0.004908143089280793,Uruguay
URY,1062.5,0,0.004069055804514202,Uruguay
URY,1087.5,0,0.003373417367643801,Uruguay
URY,1112.5,0,0.0027967040225114364,Uruguay
URY,1137.5,0,0.002318584550063224,Uruguay
URY,1162.5,0,0.0019222035197619441,Uruguay
URY,1187.5,0,0.0015935870750393003,Uruguay
COL,62.5,0,2.3694527855955942,Colombia
COL,87.5,2,2.2353702874048826,Colombia
COL,112.5,0,2.1088752441870473,Colombia
COL,137.5,0,1.9895382973476277,Colombia
COL,162.5,0,1.876954384818889,Colombia
COL,187.5,2,1.7707413661689937,Colombia
COL,212.5,2,1.6705387255133337,Colombia
COL,237.5,4,1.57600634782562,Colombia
COL,262.5,3,1.4868233644948168,Colombia
COL,287.5,1,1.4026870642099172,Colombia
COL,312.5,2,1.3233118654752478,Colombia
COL,337.5,2,1.2484283472692763,Colombia
COL,362.5,2,1.1777823345563114,Colombia
COL,387.5,3,1.1111340355472639,Colombia
COL,412.5,2,1.0482572277810904,Colombia
COL,437.5,1,0.9889384902642325,Colombia
COL,462.5,1,0.9329764790616075,Colombia
COL,487.5,1,0.8801812438806258,Colombia
COL,512.5,1,0.8303735833281285,Colombia
COL,537.5,1,0.7833844366521289,Colombia
COL,562.5,0,0.7390543099036254,Colombia
COL,587.5,2,0.697232734570747,Colombia
COL,612.5,0,0.657777756847657,Colombia
COL,637.5,0,0.6205554558047472,Colombia
COL,662.5,0,0.5854394888245152,Colombia
COL,687.5,0,0.5523106627604217,Colombia
COL,712.5,1,0.5210565293628385,Colombia
COL,737.5,1,0.49157100359913586,Colombia
COL,762.5,0,0.46375400357222396,Colombia
COL,787.5,0,0.43751111081532634,Colombia
COL,812.5,0,0.4127532498100649,Colombia
COL,837.5,0,0.389396385639862,Colombia
COL,862.5,0,0.3673612387526004,Colombia
COL,887.5,2,0.3465730158642499,Colombia
COL,912.5,0,0.3269611560901059,Colombia
COL,937.5,0,0.3084590914419276,Colombia
COL,962.5,2,0.2910040208781295,Colombia
COL,987.5,0,0.27453669713988293,Colombia
COL,1012.5,1,0.2590012256498764,Colombia
COL,1037.5,0,0.24434487479084363,Colombia
COL,1062.5,0,0.23051789692016714,Colombia
COL,1087.5,0,0.21747335951278668,Colombia
COL,1112.5,0,0.20516698585948723,Colombia
COL,1137.5,0,0.19355700477965831,Colombia
COL,1162.5,0,0.18260400883859487,Colombia
COL,1187.5,0,0.1722708205878919,Colombia
UKR,62.5,3,2.7080711233942623,Ukraine
UKR,87.5,1,2.4669686007321006,Ukraine
UKR,112.5,1,2.247331698352911,Ukraine
UKR,137.5,1,2.047249308695291,Ukraine
UKR,162.5,1,1.8649804721862506,Ukraine
UKR,187.5,0,1.6989392287804346,Ukraine
UKR,212.5,2,1.5476808181832817,Ukraine
UKR,237.5,1,1.409889108683374,Ukraine
UKR,262.5,11,1.284365145209545,Ukraine
UKR,287.5,3,1.1700167169669264,Ukraine
UKR,312.5,0,1.0658488538776958,Ukraine
UKR,337.5,0,0.9709551691341434,Ukraine
UKR,362.5,0,0.8845099725335892,Ukraine
UKR,387.5,1,0.8057610859717086,Ukraine
UKR,412.5,2,0.7340232985803303,Ukraine
UKR,437.5,0,0.6686724045614544,Ukraine
UKR,462.5,1,0.6091397718393606,Ukraine
UKR,487.5,0,0.5549073942715788,Ukraine
UKR,512.5,0,0.5055033843668949,Ukraine
UKR,537.5,0,0.4604978672915682,Ukraine
UKR,562.5,0,0.41949924043668,Ukraine
UKR,587.5,0,0.3821507660002426,Ukraine
UKR,612.5,2,0.34812746693546287,Ukraine
UKR,637.5,0,0.31713329925609873,Ukraine
UKR,662.5,0,0.2888985760945476,Ukraine
UKR,687.5,0,0.2631776210988798,Ukraine
UKR,712.5,0,0.23974663075042893,Ukraine
UKR,737.5,0,0.21840172700165497,Ukraine
UKR,762.5,0,0.19895718328972137,Ukraine
UKR,787.5,0,0.18124380849002616,Ukraine
UKR,812.5,0,0.16510747474814627,Ukraine
UKR,837.5,0,0.15040777638045008,Ukraine
UKR,862.5,0,0.13701680817431122,Ukraine
UKR,887.5,0,0.1248180524575373,Ukraine
UKR,912.5,0,0.11370536525323262,Ukraine
UKR,937.5,0,0.10358205269842176,Ukraine
UKR,962.5,0,0.09436002969009963,Ukraine
UKR,987.5,0,0.08595905343795396,Ukraine
UKR,1012.5,0,0.07830602525471572,Ukraine
UKR,1037.5,0,0.07133435450890006,Ukraine
UKR,1062.5,0,0.06498337920548765,Ukraine
UKR,1087.5,0,0.05919783815295604,Ukraine
UKR,1112.5,0,0.05392739012390832,Ukraine
UKR,1137.5,0,0.049126175825239364,Ukraine
UKR,1162.5,0,0.044752418866680715,Ukraine
UKR,1187.5,0,0.040768062255518385,Ukraine
ITA,62.5,5,2.8688032865472946,Italy
ITA,87.5,5,2.495322656776128,Italy
ITA,112.5,1,2.170464315423401,Italy
ITA,137.5,2,1.8878982770960433,Italy
ITA,162.5,0,1.6421186376275139,Italy
ITA,187.5,1,1.428336289490904,Italy
ITA,212.5,0,1.2423856042607222,Italy
ITA,237.5,2,1.0806432637963903,Italy
ITA,262.5,1,0.9399576585430625,Italy
ITA,287.5,2,0.8175874772493149,Italy
ITA,312.5,0,0.7111482914996364,Italy
ITA,337.5,0,0.6185660942414772,Italy
ITA,362.5,0,0.5380368869878015,Italy
ITA,387.5,0,0.4679915282367772,Italy
ITA,412.5,1,0.40706515816704675,Italy
ITA,437.5,1,0.35407060383735306,Italy
ITA,462.5,0,0.3079752466810338,Italy
ITA,487.5,0,0.267880901549827,Italy
ITA,512.5,1,0.23300631524282706,Italy
ITA,537.5,0,0.202671943497775,Italy
ITA,562.5,0,0.17628670981882352,Italy
ITA,587.5,0,0.15333648813155684,Italy
ITA,612.5,0,0.1333740848455529,Italy
ITA,637.5,0,0.1160105251212395,Italy
ITA,662.5,0,0.1009074735507315,Italy
ITA,687.5,0,0.08777064156679265,Italy
ITA,712.5,0,0.0763440531208345,Italy
ITA,737.5,0,0.06640505689458512,Italy
ITA,762.5,0,0.0577599878564674,Italy
ITA,787.5,0,0.05024039362657644,Italy
ITA,812.5,0,0.043699752119509716,Italy
ITA,837.5,0,0.03801061650711629,Italy
ITA,862.5,0,0.03306213186976641,Italy
ITA,887.5,0,0.028757875147038363,Italy
ITA,912.5,0,0.025013976298637528,Italy
ITA,937.5,0,0.021757484065483265,Italy
ITA,962.5,0,0.018924944487350277,Italy
ITA,987.5,0,0.01646116447892111,Italy
ITA,1012.5,0,0.014318136371978152,Italy
ITA,1037.5,0,0.012454102468214946,Italy
ITA,1062.5,0,0.010832741374939607,Italy
ITA,1087.5,0,0.009422460269283527,Italy
ITA,1112.5,0,0.008195779300303031,Italy
ITA,1137.5,0,0.007128796133869877,Italy
ITA,1162.5,0,0.006200720206855859,Italy
ITA,1187.5,0,0.005393467615242723,Italy
